Job ID,Start Time,End Time,Duration (min),Data Processed (GB),Job Status,Compute Hours Used,Cost (USD)
1,2024-03-06 04:38:37.693712,2024-03-06 05:05:37.693712,27,498.17,Success,2.68,0.67
2,2024-02-22 04:38:37.694561,2024-02-22 06:01:37.694561,83,448.82,Success,5.7,1.425
3,2024-03-16 04:38:37.694589,2024-03-16 06:23:37.694589,105,232.23,Success,6.87,1.7175
4,2024-03-30 04:38:37.694604,2024-03-30 06:07:37.694604,89,311.85,Success,7.16,1.79
5,2024-03-02 04:38:37.694615,2024-03-02 04:56:37.694615,18,374.19,Success,2.44,0.61
6,2024-04-06 04:38:37.694628,2024-04-06 05:48:37.694628,70,18.4,Success,6.71,1.6775
7,2024-03-24 04:38:37.694638,2024-03-24 05:57:37.694638,79,447.57,Success,8.27,2.0675
8,2024-03-06 04:38:37.694652,2024-03-06 05:33:37.694652,55,430.2,Success,0.98,0.245
9,2024-02-16 04:38:37.694668,2024-02-16 06:25:37.694668,107,229.26,Success,9.16,2.29
10,2024-03-26 04:38:37.694681,2024-03-26 05:20:37.694681,42,196.19,Failed,0.78,0.195
11,2024-03-22 04:38:37.694693,2024-03-22 05:46:37.694693,68,137.21,Success,3.88,0.97
12,2024-04-03 04:38:37.694705,2024-04-03 06:20:37.694705,102,238.86,Success,0.65,0.1625
13,2024-04-03 04:38:37.694716,2024-04-03 05:20:37.694716,42,23.14,Success,1.23,0.3075
14,2024-03-21 04:38:37.694725,2024-03-21 05:32:37.694725,54,426.24,Success,9.16,2.29
15,2024-02-21 04:38:37.694730,2024-02-21 06:20:37.694730,102,18.68,Failed,3.87,0.9675
16,2024-03-09 04:38:37.694735,2024-03-09 06:04:37.694735,86,165.2,Success,4.54,1.135
17,2024-03-05 04:38:37.694740,2024-03-05 05:12:37.694740,34,465.86,Success,2.55,0.6375
18,2024-03-21 04:38:37.694746,2024-03-21 06:01:37.694746,83,367.87,Success,6.17,1.5425
19,2024-04-11 04:38:37.694751,2024-04-11 06:13:37.694751,95,141.41,Success,6.15,1.5375
20,2024-03-23 04:38:37.694757,2024-03-23 05:33:37.694757,55,127.07,Failed,4.04,1.01
21,2024-02-21 04:38:37.694762,2024-02-21 05:45:37.694762,67,3.54,Failed,3.66,0.915
22,2024-04-12 04:38:37.694767,2024-04-12 06:20:37.694767,102,348.16,Success,8.91,2.2275
23,2024-03-21 04:38:37.694772,2024-03-21 05:34:37.694772,56,25.34,Success,4.14,1.035
24,2024-03-01 04:38:37.694776,2024-03-01 05:20:37.694776,42,266.77,Success,5.19,1.2975
25,2024-03-15 04:38:37.694781,2024-03-15 06:19:37.694781,101,481.1,Success,3.19,0.7975
26,2024-03-07 04:38:37.694787,2024-03-07 06:10:37.694787,92,55.62,Success,7.97,1.9925
27,2024-04-12 04:38:37.694792,2024-04-12 06:01:37.694792,83,447.35,Success,4.28,1.07
28,2024-03-24 04:38:37.694797,2024-03-24 05:12:37.694797,34,495.75,Success,5.38,1.345
29,2024-03-12 04:38:37.694802,2024-03-12 06:28:37.694802,110,31.7,Success,2.91,0.7275
30,2024-04-02 04:38:37.694807,2024-04-02 05:33:37.694807,55,441.57,Failed,9.88,2.47
31,2024-02-16 04:38:37.694812,2024-02-16 06:03:37.694812,85,258.52,Success,3.27,0.8175
32,2024-03-23 04:38:37.694817,2024-03-23 04:47:37.694817,9,453.35,Success,7.82,1.955
33,2024-03-01 04:38:37.694822,2024-03-01 05:11:37.694822,33,286.09,Success,4.56,1.14
34,2024-03-20 04:38:37.694828,2024-03-20 04:46:37.694828,8,331.39,Success,2.46,0.615
35,2024-02-25 04:38:37.694837,2024-02-25 04:52:37.694837,14,272.35,Success,8.1,2.025
36,2024-03-18 04:38:37.694843,2024-03-18 05:38:37.694843,60,432.38,Failed,3.67,0.9175
37,2024-02-15 04:38:37.694848,2024-02-15 04:59:37.694848,21,367.22,Success,8.72,2.18
38,2024-03-03 04:38:37.694853,2024-03-03 05:56:37.694853,78,261.11,Success,9.19,2.2975
39,2024-03-17 04:38:37.694858,2024-03-17 04:59:37.694858,21,434.21,Success,8.67,2.1675
40,2024-03-29 04:38:37.694863,2024-03-29 06:06:37.694863,88,123.4,Success,0.83,0.2075
41,2024-03-30 04:38:37.694868,2024-03-30 06:10:37.694868,92,79.51,Success,7.98,1.995
42,2024-02-27 04:38:37.694874,2024-02-27 05:51:37.694874,73,81.04,Success,4.41,1.1025
43,2024-02-23 04:38:37.694881,2024-02-23 05:16:37.694881,38,167.67,Success,8.8,2.2
44,2024-03-01 04:38:37.694886,2024-03-01 04:48:37.694886,10,120.11,Success,6.56,1.64
45,2024-02-19 04:38:37.694891,2024-02-19 05:35:37.694891,57,465.12,Success,8.42,2.105
46,2024-02-22 04:38:37.694896,2024-02-22 05:48:37.694896,70,53.81,Success,5.24,1.31
47,2024-02-17 04:38:37.694901,2024-02-17 05:59:37.694901,81,349.8,Success,5.58,1.395
48,2024-04-11 04:38:37.694906,2024-04-11 06:29:37.694906,111,95.42,Success,1.87,0.4675
49,2024-03-08 04:38:37.694935,2024-03-08 05:25:37.694935,47,440.94,Success,7.95,1.9875
50,2024-02-23 04:38:37.694941,2024-02-23 06:34:37.694941,116,480.7,Success,4.48,1.12
51,2024-04-07 04:38:37.694947,2024-04-07 05:57:37.694947,79,233.27,Success,5.25,1.3125
52,2024-03-24 04:38:37.694953,2024-03-24 06:37:37.694953,119,439.66,Success,7.96,1.99
53,2024-04-05 04:38:37.694958,2024-04-05 06:33:37.694958,115,3.57,Success,6.19,1.5475
54,2024-03-06 04:38:37.694964,2024-03-06 05:05:37.694964,27,410.15,Success,2.41,0.6025
55,2024-03-27 04:38:37.694969,2024-03-27 05:37:37.694969,59,115.08,Success,6.11,1.5275
56,2024-04-10 04:38:37.694974,2024-04-10 06:02:37.694974,84,454.44,Success,4.37,1.0925
57,2024-03-20 04:38:37.694979,2024-03-20 06:17:37.694979,99,1.56,Success,4.96,1.24
58,2024-03-31 04:38:37.694984,2024-03-31 05:57:37.694984,79,278.53,Success,0.77,0.1925
59,2024-02-24 04:38:37.694990,2024-02-24 04:58:37.694990,20,378.56,Success,2.5,0.625
60,2024-02-16 04:38:37.694995,2024-02-16 04:50:37.694995,12,130.09,Success,3.17,0.7925
61,2024-04-05 04:38:37.695000,2024-04-05 04:46:37.695000,8,97.37,Success,7.27,1.8175
62,2024-03-19 04:38:37.695005,2024-03-19 06:26:37.695005,108,42.97,Success,0.61,0.1525
63,2024-02-21 04:38:37.695010,2024-02-21 04:46:37.695010,8,163.89,Success,4.38,1.095
64,2024-04-12 04:38:37.695015,2024-04-12 05:38:37.695015,60,280.36,Success,9.28,2.32
65,2024-03-25 04:38:37.695020,2024-03-25 05:07:37.695020,29,58.81,Success,1.56,0.39
66,2024-03-17 04:38:37.695027,2024-03-17 05:49:37.695027,71,188.97,Success,5.41,1.3525
67,2024-02-27 04:38:37.695050,2024-02-27 06:18:37.695050,100,5.53,Failed,7.97,1.9925
68,2024-04-07 04:38:37.695058,2024-04-07 05:49:37.695058,71,409.52,Success,9.45,2.3625
69,2024-03-01 04:38:37.695063,2024-03-01 05:09:37.695063,31,65.1,Success,7.59,1.8975
70,2024-04-06 04:38:37.695068,2024-04-06 06:15:37.695068,97,142.39,Success,7.35,1.8375
71,2024-02-27 04:38:37.695073,2024-02-27 05:14:37.695073,36,10.2,Success,8.35,2.0875
72,2024-03-10 04:38:37.695078,2024-03-10 05:32:37.695078,54,216.69,Success,4.74,1.185
73,2024-03-31 04:38:37.695083,2024-03-31 05:43:37.695083,65,420.22,Success,8.16,2.04
74,2024-03-28 04:38:37.695088,2024-03-28 05:33:37.695088,55,196.68,Success,0.58,0.145
75,2024-03-09 04:38:37.695093,2024-03-09 05:01:37.695093,23,90.57,Success,9.28,2.32
76,2024-02-24 04:38:37.695098,2024-02-24 05:03:37.695098,25,377.1,Success,4.71,1.1775
77,2024-03-05 04:38:37.695103,2024-03-05 04:47:37.695103,9,394.61,Success,5.76,1.44
78,2024-04-10 04:38:37.695109,2024-04-10 06:04:37.695109,86,87.7,Success,2.92,0.73
79,2024-04-12 04:38:37.695114,2024-04-12 06:14:37.695114,96,385.66,Success,7.55,1.8875
80,2024-04-08 04:38:37.695119,2024-04-08 05:24:37.695119,46,473.7,Success,1.23,0.3075
81,2024-02-20 04:38:37.695124,2024-02-20 05:43:37.695124,65,84.02,Success,8.79,2.1975
82,2024-03-03 04:38:37.695129,2024-03-03 05:04:37.695129,26,385.72,Success,8.37,2.0925
83,2024-04-10 04:38:37.695135,2024-04-10 05:03:37.695135,25,354.58,Success,2.55,0.6375
84,2024-02-20 04:38:37.695140,2024-02-20 05:52:37.695140,74,237.31,Success,8.19,2.0475
85,2024-03-16 04:38:37.695145,2024-03-16 04:43:37.695145,5,29.9,Success,7.97,1.9925
86,2024-03-27 04:38:37.695150,2024-03-27 04:47:37.695150,9,38.27,Success,6.51,1.6275
87,2024-03-19 04:38:37.695155,2024-03-19 06:27:37.695155,109,426.35,Success,4.05,1.0125
88,2024-03-01 04:38:37.695160,2024-03-01 04:54:37.695160,16,495.08,Success,3.08,0.77
89,2024-03-11 04:38:37.695165,2024-03-11 06:12:37.695165,94,338.35,Success,2.7,0.675
90,2024-04-04 04:38:37.695170,2024-04-04 05:28:37.695170,50,223.53,Success,3.53,0.8825
91,2024-03-09 04:38:37.695175,2024-03-09 05:16:37.695175,38,324.14,Success,9.08,2.27
92,2024-03-31 04:38:37.695180,2024-03-31 05:31:37.695180,53,297.6,Success,1.24,0.31
93,2024-03-14 04:38:37.695185,2024-03-14 06:00:37.695185,82,192.42,Success,8.37,2.0925
94,2024-02-26 04:38:37.695191,2024-02-26 06:12:37.695191,94,33.75,Success,3.81,0.9525
95,2024-03-30 04:38:37.695196,2024-03-30 05:27:37.695196,49,410.93,Success,5.46,1.365
96,2024-04-06 04:38:37.695201,2024-04-06 05:09:37.695201,31,186.54,Success,8.05,2.0125
97,2024-03-31 04:38:37.695206,2024-03-31 05:55:37.695206,77,409.57,Success,8.9,2.225
98,2024-03-22 04:38:37.695212,2024-03-22 05:08:37.695212,30,127.0,Failed,3.78,0.945
99,2024-02-17 04:38:37.695218,2024-02-17 05:29:37.695218,51,1.51,Success,4.89,1.2225
100,2024-03-05 04:38:37.695223,2024-03-05 06:08:37.695223,90,80.31,Success,4.44,1.11
101,2024-03-24 04:38:37.695228,2024-03-24 06:33:37.695228,115,234.8,Failed,0.63,0.1575
102,2024-03-29 04:38:37.695233,2024-03-29 05:38:37.695233,60,472.21,Success,3.31,0.8275
103,2024-02-29 04:38:37.695239,2024-02-29 06:16:37.695239,98,51.99,Success,4.86,1.215
104,2024-03-27 04:38:37.695244,2024-03-27 06:29:37.695244,111,427.25,Success,4.41,1.1025
105,2024-02-27 04:38:37.695249,2024-02-27 05:45:37.695249,67,263.99,Failed,7.36,1.84
106,2024-02-21 04:38:37.695254,2024-02-21 05:30:37.695254,52,413.13,Success,4.16,1.04
107,2024-03-21 04:38:37.695259,2024-03-21 05:43:37.695259,65,149.89,Success,5.15,1.2875
108,2024-03-19 04:38:37.695264,2024-03-19 06:03:37.695264,85,420.13,Success,4.58,1.145
109,2024-03-20 04:38:37.695270,2024-03-20 05:08:37.695270,30,386.64,Success,7.54,1.885
110,2024-02-29 04:38:37.695275,2024-02-29 05:18:37.695275,40,115.8,Success,8.7,2.175
111,2024-03-04 04:38:37.695281,2024-03-04 04:43:37.695281,5,66.54,Success,5.55,1.3875
112,2024-03-16 04:38:37.695286,2024-03-16 04:50:37.695286,12,434.16,Success,8.0,2.0
113,2024-03-30 04:38:37.695291,2024-03-30 06:35:37.695291,117,481.66,Success,3.32,0.83
114,2024-02-29 04:38:37.695296,2024-02-29 06:21:37.695296,103,16.62,Success,5.64,1.41
115,2024-04-13 04:38:37.695301,2024-04-13 05:34:37.695301,56,365.9,Success,3.78,0.945
116,2024-03-20 04:38:37.695306,2024-03-20 06:01:37.695306,83,454.85,Success,4.43,1.1075
117,2024-04-07 04:38:37.695314,2024-04-07 05:29:37.695314,51,428.82,Success,7.46,1.865
118,2024-04-05 04:38:37.695325,2024-04-05 05:38:37.695325,60,482.3,Success,8.88,2.22
119,2024-03-21 04:38:37.695336,2024-03-21 06:08:37.695336,90,380.29,Success,1.65,0.4125
120,2024-04-13 04:38:37.695347,2024-04-13 04:56:37.695347,18,221.71,Success,6.53,1.6325
121,2024-03-01 04:38:37.695357,2024-03-01 06:12:37.695357,94,156.66,Success,6.03,1.5075
122,2024-04-06 04:38:37.695367,2024-04-06 05:10:37.695367,32,161.05,Success,1.62,0.405
123,2024-03-21 04:38:37.695378,2024-03-21 06:09:37.695378,91,362.49,Success,2.51,0.6275
124,2024-04-03 04:38:37.695389,2024-04-03 06:00:37.695389,82,373.17,Success,3.45,0.8625
125,2024-02-23 04:38:37.695399,2024-02-23 06:10:37.695399,92,100.98,Success,2.09,0.5225
126,2024-03-28 04:38:37.695404,2024-03-28 04:44:37.695404,6,434.19,Success,2.82,0.705
127,2024-04-06 04:38:37.695409,2024-04-06 06:31:37.695409,113,357.75,Success,3.04,0.76
128,2024-03-10 04:38:37.695415,2024-03-10 05:08:37.695415,30,281.81,Success,3.69,0.9225
129,2024-03-10 04:38:37.695420,2024-03-10 04:56:37.695420,18,236.29,Failed,7.62,1.905
130,2024-03-12 04:38:37.695427,2024-03-12 05:41:37.695427,63,272.07,Success,5.93,1.4825
131,2024-02-15 04:38:37.695433,2024-02-15 05:38:37.695433,60,80.46,Success,9.87,2.4675
132,2024-04-09 04:38:37.695438,2024-04-09 06:37:37.695438,119,102.65,Success,4.44,1.11
133,2024-03-03 04:38:37.695443,2024-03-03 04:49:37.695443,11,46.49,Success,7.66,1.915
134,2024-03-06 04:38:37.695448,2024-03-06 04:45:37.695448,7,77.68,Success,8.78,2.195
135,2024-02-16 04:38:37.695453,2024-02-16 06:33:37.695453,115,227.39,Success,6.95,1.7375
136,2024-03-04 04:38:37.695458,2024-03-04 05:05:37.695458,27,265.65,Success,4.41,1.1025
137,2024-03-17 04:38:37.695463,2024-03-17 06:32:37.695463,114,9.91,Success,7.66,1.915
138,2024-04-07 04:38:37.695468,2024-04-07 06:29:37.695468,111,398.6,Success,2.43,0.6075
139,2024-04-05 04:38:37.695473,2024-04-05 06:33:37.695473,115,147.79,Success,3.61,0.9025
140,2024-04-06 04:38:37.695478,2024-04-06 06:31:37.695478,113,456.01,Success,5.69,1.4225
141,2024-04-02 04:38:37.695483,2024-04-02 05:00:37.695483,22,483.79,Success,5.97,1.4925
142,2024-03-11 04:38:37.695487,2024-03-11 05:20:37.695487,42,93.54,Success,0.71,0.1775
143,2024-03-12 04:38:37.695492,2024-03-12 06:21:37.695492,103,231.59,Success,9.48,2.37
144,2024-02-26 04:38:37.695497,2024-02-26 06:37:37.695497,119,1.61,Success,7.12,1.78
145,2024-02-19 04:38:37.695502,2024-02-19 04:57:37.695502,19,299.57,Success,5.21,1.3025
146,2024-03-22 04:38:37.695507,2024-03-22 05:46:37.695507,68,304.05,Success,9.36,2.34
147,2024-03-21 04:38:37.695512,2024-03-21 06:11:37.695512,93,124.52,Failed,4.67,1.1675
148,2024-03-08 04:38:37.695517,2024-03-08 06:23:37.695517,105,279.65,Success,9.81,2.4525
149,2024-03-10 04:38:37.695522,2024-03-10 05:10:37.695522,32,113.54,Success,5.37,1.3425
150,2024-03-01 04:38:37.695528,2024-03-01 05:56:37.695528,78,81.25,Success,1.59,0.3975
151,2024-03-05 04:38:37.695536,2024-03-05 05:21:37.695536,43,326.11,Success,7.77,1.9425
152,2024-03-23 04:38:37.695542,2024-03-23 05:39:37.695542,61,163.64,Success,6.95,1.7375
153,2024-03-18 04:38:37.695547,2024-03-18 04:59:37.695547,21,295.54,Success,7.84,1.96
154,2024-03-10 04:38:37.695552,2024-03-10 06:25:37.695552,107,217.19,Success,9.54,2.385
155,2024-04-13 04:38:37.695557,2024-04-13 06:08:37.695557,90,492.19,Success,7.88,1.97
156,2024-03-10 04:38:37.695562,2024-03-10 06:12:37.695562,94,75.64,Success,6.31,1.5775
157,2024-03-08 04:38:37.695567,2024-03-08 05:26:37.695567,48,232.83,Success,8.64,2.16
158,2024-02-27 04:38:37.695572,2024-02-27 05:07:37.695572,29,340.55,Success,6.9,1.725
159,2024-03-31 04:38:37.695577,2024-03-31 04:59:37.695577,21,198.38,Success,4.38,1.095
160,2024-04-11 04:38:37.695583,2024-04-11 04:55:37.695583,17,487.38,Success,8.91,2.2275
161,2024-04-13 04:38:37.695588,2024-04-13 06:06:37.695588,88,361.22,Success,2.61,0.6525
162,2024-04-09 04:38:37.695593,2024-04-09 05:07:37.695593,29,328.83,Success,7.29,1.8225
163,2024-03-19 04:38:37.695598,2024-03-19 05:50:37.695598,72,378.77,Success,8.87,2.2175
164,2024-02-19 04:38:37.695603,2024-02-19 04:52:37.695603,14,476.37,Success,7.45,1.8625
165,2024-03-31 04:38:37.695608,2024-03-31 05:49:37.695608,71,454.0,Failed,7.12,1.78
166,2024-03-06 04:38:37.695613,2024-03-06 06:27:37.695613,109,362.42,Success,7.65,1.9125
167,2024-03-18 04:38:37.695619,2024-03-18 06:31:37.695619,113,374.83,Success,4.92,1.23
168,2024-04-05 04:38:37.695623,2024-04-05 05:00:37.695623,22,73.82,Success,8.8,2.2
169,2024-03-30 04:38:37.695628,2024-03-30 06:33:37.695628,115,52.29,Failed,2.43,0.6075
170,2024-03-30 04:38:37.695633,2024-03-30 06:22:37.695633,104,285.88,Success,1.71,0.4275
171,2024-03-19 04:38:37.695639,2024-03-19 06:33:37.695639,115,10.17,Success,3.21,0.8025
172,2024-03-03 04:38:37.695644,2024-03-03 06:08:37.695644,90,241.7,Success,5.55,1.3875
173,2024-04-01 04:38:37.695649,2024-04-01 05:16:37.695649,38,105.96,Success,5.35,1.3375
174,2024-02-23 04:38:37.695655,2024-02-23 06:33:37.695655,115,173.66,Success,8.3,2.075
175,2024-03-13 04:38:37.695660,2024-03-13 04:50:37.695660,12,388.13,Success,4.34,1.085
176,2024-03-06 04:38:37.695665,2024-03-06 05:22:37.695665,44,470.68,Success,5.1,1.275
177,2024-02-25 04:38:37.695670,2024-02-25 06:35:37.695670,117,37.14,Success,0.63,0.1575
178,2024-02-22 04:38:37.695675,2024-02-22 06:30:37.695675,112,267.59,Success,4.39,1.0975
179,2024-03-13 04:38:37.695680,2024-03-13 06:05:37.695680,87,441.38,Success,6.65,1.6625
180,2024-04-10 04:38:37.695686,2024-04-10 05:24:37.695686,46,42.17,Success,0.65,0.1625
181,2024-03-15 04:38:37.695691,2024-03-15 05:23:37.695691,45,412.43,Success,3.17,0.7925
182,2024-03-08 04:38:37.695696,2024-03-08 06:23:37.695696,105,179.54,Success,2.48,0.62
183,2024-03-22 04:38:37.695701,2024-03-22 04:48:37.695701,10,161.73,Success,0.9,0.225
184,2024-03-06 04:38:37.695706,2024-03-06 05:34:37.695706,56,488.76,Success,5.05,1.2625
185,2024-02-29 04:38:37.695711,2024-02-29 05:08:37.695711,30,101.23,Success,2.23,0.5575
186,2024-03-30 04:38:37.695716,2024-03-30 05:46:37.695716,68,346.9,Success,7.56,1.89
187,2024-03-02 04:38:37.695725,2024-03-02 06:20:37.695725,102,410.9,Success,8.56,2.14
188,2024-03-16 04:38:37.695736,2024-03-16 05:41:37.695736,63,21.55,Success,5.68,1.42
189,2024-03-09 04:38:37.695747,2024-03-09 05:38:37.695747,60,335.52,Success,9.83,2.4575
190,2024-04-01 04:38:37.695757,2024-04-01 05:41:37.695757,63,475.82,Success,4.78,1.195
191,2024-03-13 04:38:37.695768,2024-03-13 06:31:37.695768,113,62.99,Success,5.38,1.345
192,2024-04-07 04:38:37.695779,2024-04-07 05:52:37.695779,74,448.21,Success,9.9,2.475
193,2024-02-15 04:38:37.695789,2024-02-15 06:23:37.695789,105,297.79,Success,2.7,0.675
194,2024-02-23 04:38:37.695800,2024-02-23 05:15:37.695800,37,308.69,Success,9.45,2.3625
195,2024-03-23 04:38:37.695811,2024-03-23 05:35:37.695811,57,306.86,Success,0.91,0.2275
196,2024-03-17 04:38:37.695818,2024-03-17 05:04:37.695818,26,150.12,Success,4.74,1.185
197,2024-04-12 04:38:37.695823,2024-04-12 05:03:37.695823,25,467.67,Success,1.17,0.2925
198,2024-03-03 04:38:37.695828,2024-03-03 05:52:37.695828,74,473.73,Success,7.43,1.8575
199,2024-02-29 04:38:37.695834,2024-02-29 05:52:37.695834,74,313.03,Success,6.28,1.57
200,2024-02-17 04:38:37.695839,2024-02-17 06:34:37.695839,116,391.93,Success,7.21,1.8025
201,2024-02-21 04:38:37.695845,2024-02-21 04:46:37.695845,8,306.52,Success,4.06,1.015
202,2024-04-08 04:38:37.695852,2024-04-08 06:16:37.695852,98,242.71,Success,4.01,1.0025
203,2024-03-17 04:38:37.695857,2024-03-17 05:57:37.695857,79,330.75,Success,0.93,0.2325
204,2024-03-17 04:38:37.695862,2024-03-17 05:44:37.695862,66,276.95,Success,3.82,0.955
205,2024-03-01 04:38:37.695867,2024-03-01 05:44:37.695867,66,299.14,Success,9.33,2.3325
206,2024-03-01 04:38:37.695872,2024-03-01 06:16:37.695872,98,392.13,Success,4.1,1.025
207,2024-03-25 04:38:37.695877,2024-03-25 06:17:37.695877,99,240.97,Success,8.4,2.1
208,2024-03-15 04:38:37.695882,2024-03-15 05:06:37.695882,28,21.34,Success,8.5,2.125
209,2024-04-03 04:38:37.695888,2024-04-03 05:37:37.695888,59,82.84,Success,4.05,1.0125
210,2024-02-16 04:38:37.695893,2024-02-16 04:51:37.695893,13,219.87,Success,6.5,1.625
211,2024-02-19 04:38:37.695898,2024-02-19 04:45:37.695898,7,362.69,Success,1.41,0.3525
212,2024-03-17 04:38:37.695903,2024-03-17 06:37:37.695903,119,297.05,Success,1.48,0.37
213,2024-03-20 04:38:37.695908,2024-03-20 05:13:37.695908,35,325.5,Success,0.96,0.24
214,2024-03-06 04:38:37.695913,2024-03-06 05:22:37.695913,44,240.16,Success,6.02,1.505
215,2024-03-12 04:38:37.695918,2024-03-12 06:23:37.695918,105,308.26,Success,4.55,1.1375
216,2024-04-13 04:38:37.695923,2024-04-13 05:18:37.695923,40,165.18,Success,5.71,1.4275
217,2024-02-17 04:38:37.695928,2024-02-17 05:06:37.695928,28,235.62,Success,5.45,1.3625
218,2024-03-18 04:38:37.695933,2024-03-18 06:17:37.695933,99,372.4,Failed,3.83,0.9575
219,2024-02-17 04:38:37.695938,2024-02-17 04:48:37.695938,10,436.04,Success,6.94,1.735
220,2024-02-22 04:38:37.695944,2024-02-22 05:48:37.695944,70,217.39,Success,7.71,1.9275
221,2024-04-01 04:38:37.695951,2024-04-01 06:06:37.695951,88,22.79,Success,0.64,0.16
222,2024-03-04 04:38:37.695956,2024-03-04 06:14:37.695956,96,81.67,Success,2.47,0.6175
223,2024-04-11 04:38:37.695961,2024-04-11 05:57:37.695961,79,11.41,Success,7.28,1.82
224,2024-03-06 04:38:37.695966,2024-03-06 04:46:37.695966,8,326.98,Success,4.17,1.0425
225,2024-04-08 04:38:37.695971,2024-04-08 06:01:37.695971,83,166.82,Success,6.79,1.6975
226,2024-04-06 04:38:37.695976,2024-04-06 04:48:37.695976,10,271.7,Success,3.8,0.95
227,2024-03-18 04:38:37.695981,2024-03-18 06:35:37.695981,117,247.15,Success,4.21,1.0525
228,2024-04-05 04:38:37.695986,2024-04-05 06:16:37.695986,98,41.68,Success,2.01,0.5025
229,2024-03-08 04:38:37.695991,2024-03-08 06:24:37.695991,106,202.23,Success,2.95,0.7375
230,2024-03-12 04:38:37.695996,2024-03-12 05:33:37.695996,55,111.06,Success,6.25,1.5625
231,2024-02-23 04:38:37.696001,2024-02-23 05:44:37.696001,66,209.78,Success,4.62,1.155
232,2024-03-03 04:38:37.696006,2024-03-03 05:39:37.696006,61,102.59,Success,7.86,1.965
233,2024-03-01 04:38:37.696011,2024-03-01 05:48:37.696011,70,420.39,Success,8.6,2.15
234,2024-03-21 04:38:37.696017,2024-03-21 06:01:37.696017,83,87.92,Success,5.65,1.4125
235,2024-03-30 04:38:37.696022,2024-03-30 05:57:37.696022,79,480.43,Success,7.7,1.925
236,2024-02-15 04:38:37.696027,2024-02-15 04:50:37.696027,12,208.54,Success,3.42,0.855
237,2024-02-20 04:38:37.696032,2024-02-20 05:08:37.696032,30,423.28,Success,4.44,1.11
238,2024-03-13 04:38:37.696037,2024-03-13 05:33:37.696037,55,314.75,Success,7.27,1.8175
239,2024-03-13 04:38:37.696042,2024-03-13 05:27:37.696042,49,367.94,Success,4.17,1.0425
240,2024-03-21 04:38:37.696047,2024-03-21 05:26:37.696047,48,384.09,Success,6.09,1.5225
241,2024-03-04 04:38:37.696052,2024-03-04 04:47:37.696052,9,252.92,Success,2.26,0.565
242,2024-02-22 04:38:37.696057,2024-02-22 05:52:37.696057,74,272.11,Success,6.2,1.55
243,2024-02-25 04:38:37.696062,2024-02-25 05:08:37.696062,30,257.48,Success,8.68,2.17
244,2024-02-25 04:38:37.696067,2024-02-25 05:50:37.696067,72,294.44,Success,8.75,2.1875
245,2024-02-16 04:38:37.696073,2024-02-16 05:01:37.696073,23,15.67,Success,7.38,1.845
246,2024-02-22 04:38:37.696078,2024-02-22 06:06:37.696078,88,198.36,Success,7.58,1.895
247,2024-04-02 04:38:37.696083,2024-04-02 06:19:37.696083,101,303.49,Success,5.8,1.45
248,2024-03-06 04:38:37.696088,2024-03-06 05:02:37.696088,24,299.26,Success,6.05,1.5125
249,2024-04-12 04:38:37.696093,2024-04-12 06:35:37.696093,117,396.69,Success,1.77,0.4425
250,2024-04-11 04:38:37.696098,2024-04-11 04:54:37.696098,16,327.85,Success,4.72,1.18
251,2024-02-25 04:38:37.696103,2024-02-25 05:29:37.696103,51,496.07,Failed,4.78,1.195
252,2024-03-08 04:38:37.696108,2024-03-08 04:43:37.696108,5,142.64,Success,9.61,2.4025
253,2024-02-25 04:38:37.696113,2024-02-25 06:12:37.696113,94,180.22,Success,4.6,1.15
254,2024-02-18 04:38:37.696118,2024-02-18 04:56:37.696118,18,192.54,Success,5.72,1.43
255,2024-03-28 04:38:37.696124,2024-03-28 05:46:37.696124,68,233.44,Success,5.57,1.3925
256,2024-02-15 04:38:37.696129,2024-02-15 05:20:37.696129,42,418.16,Success,6.55,1.6375
257,2024-02-25 04:38:37.696134,2024-02-25 05:19:37.696134,41,118.66,Success,7.61,1.9025
258,2024-04-12 04:38:37.696139,2024-04-12 04:53:37.696139,15,388.22,Success,2.64,0.66
259,2024-04-12 04:38:37.696144,2024-04-12 06:22:37.696144,104,203.25,Success,5.52,1.38
260,2024-03-17 04:38:37.696150,2024-03-17 05:59:37.696150,81,301.33,Success,8.35,2.0875
261,2024-02-20 04:38:37.696155,2024-02-20 06:29:37.696155,111,316.64,Success,4.9,1.225
262,2024-03-22 04:38:37.696160,2024-03-22 04:45:37.696160,7,187.05,Success,3.15,0.7875
263,2024-03-08 04:38:37.696165,2024-03-08 05:15:37.696165,37,256.79,Success,6.72,1.68
264,2024-03-13 04:38:37.696170,2024-03-13 04:48:37.696170,10,207.1,Success,8.33,2.0825
265,2024-03-12 04:38:37.696175,2024-03-12 05:32:37.696175,54,35.5,Success,1.1,0.275
266,2024-04-13 04:38:37.696180,2024-04-13 04:52:37.696180,14,219.15,Success,7.88,1.97
267,2024-03-26 04:38:37.696185,2024-03-26 04:47:37.696185,9,49.6,Success,8.31,2.0775
268,2024-04-12 04:38:37.696190,2024-04-12 05:05:37.696190,27,203.11,Success,4.88,1.22
269,2024-02-21 04:38:37.696195,2024-02-21 04:52:37.696195,14,296.87,Success,9.84,2.46
270,2024-03-01 04:38:37.696200,2024-03-01 05:26:37.696200,48,290.13,Success,7.97,1.9925
271,2024-03-19 04:38:37.696206,2024-03-19 04:44:37.696206,6,331.65,Success,7.85,1.9625
272,2024-03-13 04:38:37.696211,2024-03-13 04:55:37.696211,17,48.54,Success,7.6,1.9
273,2024-04-08 04:38:37.696216,2024-04-08 05:22:37.696216,44,326.41,Success,1.93,0.4825
274,2024-03-13 04:38:37.696221,2024-03-13 04:44:37.696221,6,156.76,Success,2.56,0.64
275,2024-02-19 04:38:37.696226,2024-02-19 06:06:37.696226,88,200.12,Success,4.91,1.2275
276,2024-04-10 04:38:37.696231,2024-04-10 05:47:37.696231,69,429.14,Success,3.01,0.7525
277,2024-02-19 04:38:37.696236,2024-02-19 05:45:37.696236,67,5.51,Success,4.44,1.11
278,2024-04-03 04:38:37.696241,2024-04-03 06:23:37.696241,105,294.62,Success,8.94,2.235
279,2024-02-18 04:38:37.696246,2024-02-18 05:55:37.696246,77,299.76,Success,8.33,2.0825
280,2024-02-15 04:38:37.696251,2024-02-15 04:59:37.696251,21,198.93,Success,6.49,1.6225
281,2024-03-28 04:38:37.696257,2024-03-28 04:51:37.696257,13,119.28,Success,8.65,2.1625
282,2024-03-07 04:38:37.696263,2024-03-07 05:57:37.696263,79,118.1,Success,7.95,1.9875
283,2024-03-21 04:38:37.696268,2024-03-21 04:57:37.696268,19,441.97,Success,4.58,1.145
284,2024-04-09 04:38:37.696273,2024-04-09 05:06:37.696273,28,221.57,Success,2.41,0.6025
285,2024-02-22 04:38:37.696278,2024-02-22 05:20:37.696278,42,166.11,Success,5.38,1.345
286,2024-03-11 04:38:37.696283,2024-03-11 05:17:37.696283,39,224.94,Success,7.49,1.8725
287,2024-04-08 04:38:37.696288,2024-04-08 06:16:37.696288,98,335.03,Success,4.65,1.1625
288,2024-03-23 04:38:37.696293,2024-03-23 06:17:37.696293,99,73.73,Success,6.83,1.7075
289,2024-04-03 04:38:37.696298,2024-04-03 05:31:37.696298,53,225.27,Success,1.4,0.35
290,2024-02-26 04:38:37.696303,2024-02-26 05:51:37.696303,73,294.35,Success,7.61,1.9025
291,2024-03-29 04:38:37.696308,2024-03-29 05:44:37.696308,66,474.34,Success,8.22,2.055
292,2024-03-12 04:38:37.696313,2024-03-12 05:42:37.696313,64,127.01,Success,7.21,1.8025
293,2024-04-05 04:38:37.696318,2024-04-05 06:30:37.696318,112,180.27,Success,9.69,2.4225
294,2024-02-15 04:38:37.696323,2024-02-15 05:32:37.696323,54,190.3,Success,8.35,2.0875
295,2024-04-08 04:38:37.696328,2024-04-08 06:00:37.696328,82,303.16,Success,9.08,2.27
296,2024-03-29 04:38:37.696333,2024-03-29 05:57:37.696333,79,179.01,Success,9.37,2.3425
297,2024-03-16 04:38:37.696338,2024-03-16 04:51:37.696338,13,267.22,Success,8.11,2.0275
298,2024-04-11 04:38:37.696343,2024-04-11 05:16:37.696343,38,391.11,Success,6.91,1.7275
299,2024-03-25 04:38:37.696348,2024-03-25 05:58:37.696348,80,352.99,Success,0.55,0.1375
300,2024-02-15 04:38:37.696353,2024-02-15 06:21:37.696353,103,223.74,Success,4.93,1.2325
301,2024-03-09 04:38:37.696358,2024-03-09 05:17:37.696358,39,432.24,Success,5.93,1.4825
302,2024-03-26 04:38:37.696363,2024-03-26 04:43:37.696363,5,279.51,Success,3.39,0.8475
303,2024-03-19 04:38:37.696368,2024-03-19 05:22:37.696368,44,270.41,Success,3.52,0.88
304,2024-04-11 04:38:37.696373,2024-04-11 05:46:37.696373,68,18.06,Failed,9.63,2.4075
305,2024-03-26 04:38:37.696378,2024-03-26 05:04:37.696378,26,493.36,Success,8.97,2.2425
306,2024-03-25 04:38:37.696383,2024-03-25 05:42:37.696383,64,62.36,Failed,8.57,2.1425
307,2024-03-13 04:38:37.696389,2024-03-13 05:46:37.696389,68,116.33,Success,4.36,1.09
308,2024-04-07 04:38:37.696394,2024-04-07 06:15:37.696394,97,26.8,Success,0.63,0.1575
309,2024-02-22 04:38:37.696399,2024-02-22 05:54:37.696399,76,320.36,Success,1.26,0.315
310,2024-03-04 04:38:37.696405,2024-03-04 04:53:37.696405,15,113.13,Success,3.47,0.8675
311,2024-03-12 04:38:37.696410,2024-03-12 06:27:37.696410,109,90.83,Success,0.65,0.1625
312,2024-03-05 04:38:37.696415,2024-03-05 06:23:37.696415,105,45.19,Success,0.66,0.165
313,2024-03-06 04:38:37.696425,2024-03-06 04:56:37.696425,18,52.55,Success,9.21,2.3025
314,2024-03-27 04:38:37.696436,2024-03-27 05:42:37.696436,64,292.75,Success,7.21,1.8025
315,2024-03-05 04:38:37.696448,2024-03-05 05:12:37.696448,34,344.42,Success,3.44,0.86
316,2024-04-13 04:38:37.696458,2024-04-13 05:17:37.696458,39,199.29,Success,1.76,0.44
317,2024-04-03 04:38:37.696468,2024-04-03 06:07:37.696468,89,240.47,Success,5.36,1.34
318,2024-03-17 04:38:37.696479,2024-03-17 05:19:37.696479,41,343.3,Success,0.55,0.1375
319,2024-02-17 04:38:37.696490,2024-02-17 04:47:37.696490,9,9.67,Success,9.41,2.3525
320,2024-03-20 04:38:37.696499,2024-03-20 06:05:37.696499,87,162.24,Success,4.44,1.11
321,2024-02-24 04:38:37.696504,2024-02-24 06:00:37.696504,82,486.58,Success,4.32,1.08
322,2024-03-22 04:38:37.696509,2024-03-22 05:08:37.696509,30,290.48,Success,4.21,1.0525
323,2024-03-14 04:38:37.696514,2024-03-14 05:44:37.696514,66,127.86,Failed,1.16,0.29
324,2024-03-15 04:38:37.696519,2024-03-15 04:46:37.696519,8,261.34,Success,6.56,1.64
325,2024-03-03 04:38:37.696525,2024-03-03 06:11:37.696525,93,171.98,Success,7.46,1.865
326,2024-03-10 04:38:37.696530,2024-03-10 06:31:37.696530,113,266.59,Success,6.92,1.73
327,2024-04-07 04:38:37.696535,2024-04-07 05:24:37.696535,46,63.75,Success,1.82,0.455
328,2024-03-29 04:38:37.696540,2024-03-29 06:11:37.696540,93,67.22,Success,6.0,1.5
329,2024-03-19 04:38:37.696545,2024-03-19 05:00:37.696545,22,72.63,Failed,5.91,1.4775
330,2024-02-26 04:38:37.696550,2024-02-26 05:22:37.696550,44,469.97,Success,8.75,2.1875
331,2024-02-17 04:38:37.696555,2024-02-17 05:54:37.696555,76,366.72,Failed,4.1,1.025
332,2024-02-22 04:38:37.696560,2024-02-22 05:21:37.696560,43,82.03,Success,4.03,1.0075
333,2024-02-25 04:38:37.696565,2024-02-25 06:26:37.696565,108,94.99,Success,6.38,1.595
334,2024-04-12 04:38:37.696572,2024-04-12 04:56:37.696572,18,365.68,Success,6.51,1.6275
335,2024-04-13 04:38:37.696577,2024-04-13 05:14:37.696577,36,78.93,Success,4.96,1.24
336,2024-02-26 04:38:37.696582,2024-02-26 05:33:37.696582,55,118.05,Success,4.71,1.1775
337,2024-04-02 04:38:37.696587,2024-04-02 05:20:37.696587,42,481.71,Success,5.19,1.2975
338,2024-04-09 04:38:37.696592,2024-04-09 06:19:37.696592,101,128.4,Success,8.68,2.17
339,2024-03-08 04:38:37.696597,2024-03-08 05:05:37.696597,27,331.15,Success,4.88,1.22
340,2024-03-13 04:38:37.696602,2024-03-13 05:45:37.696602,67,489.34,Success,9.43,2.3575
341,2024-02-15 04:38:37.696608,2024-02-15 04:57:37.696608,19,187.77,Success,5.29,1.3225
342,2024-02-19 04:38:37.696616,2024-02-19 06:19:37.696616,101,9.74,Success,9.52,2.38
343,2024-04-05 04:38:37.696621,2024-04-05 05:07:37.696621,29,122.83,Success,8.41,2.1025
344,2024-03-04 04:38:37.696626,2024-03-04 04:59:37.696626,21,415.61,Success,3.94,0.985
345,2024-03-10 04:38:37.696631,2024-03-10 06:19:37.696631,101,432.44,Success,8.7,2.175
346,2024-03-26 04:38:37.696636,2024-03-26 06:33:37.696636,115,384.49,Success,1.55,0.3875
347,2024-02-26 04:38:37.696641,2024-02-26 05:48:37.696641,70,57.44,Success,9.29,2.3225
348,2024-03-29 04:38:37.696646,2024-03-29 06:00:37.696646,82,397.96,Failed,6.5,1.625
349,2024-04-11 04:38:37.696651,2024-04-11 05:35:37.696651,57,459.42,Success,1.02,0.255
350,2024-03-25 04:38:37.696656,2024-03-25 06:26:37.696656,108,300.7,Success,6.62,1.655
351,2024-03-21 04:38:37.696663,2024-03-21 06:26:37.696663,108,470.5,Success,9.76,2.44
352,2024-02-20 04:38:37.696669,2024-02-20 05:33:37.696669,55,413.59,Success,1.16,0.29
353,2024-02-18 04:38:37.696674,2024-02-18 05:21:37.696674,43,333.82,Success,5.77,1.4425
354,2024-03-12 04:38:37.696680,2024-03-12 05:33:37.696680,55,289.02,Success,7.6,1.9
355,2024-03-21 04:38:37.696686,2024-03-21 05:52:37.696686,74,174.94,Success,8.2,2.05
356,2024-02-22 04:38:37.696697,2024-02-22 04:48:37.696697,10,80.48,Success,4.43,1.1075
357,2024-04-03 04:38:37.696702,2024-04-03 05:49:37.696702,71,302.87,Success,2.44,0.61
358,2024-02-25 04:38:37.696707,2024-02-25 04:49:37.696707,11,159.74,Success,0.9,0.225
359,2024-04-06 04:38:37.696712,2024-04-06 05:33:37.696712,55,433.35,Success,6.01,1.5025
360,2024-03-09 04:38:37.696717,2024-03-09 05:54:37.696717,76,496.68,Success,4.8,1.2
361,2024-03-07 04:38:37.696723,2024-03-07 05:24:37.696723,46,376.46,Success,9.51,2.3775
362,2024-03-05 04:38:37.696728,2024-03-05 05:46:37.696728,68,46.15,Success,1.08,0.27
363,2024-03-25 04:38:37.696733,2024-03-25 04:57:37.696733,19,145.05,Success,7.01,1.7525
364,2024-03-10 04:38:37.696738,2024-03-10 06:33:37.696738,115,55.45,Success,0.74,0.185
365,2024-02-26 04:38:37.696743,2024-02-26 05:11:37.696743,33,325.61,Success,2.13,0.5325
366,2024-03-20 04:38:37.696748,2024-03-20 05:15:37.696748,37,382.83,Success,4.81,1.2025
367,2024-03-10 04:38:37.696753,2024-03-10 06:16:37.696753,98,462.91,Success,4.82,1.205
368,2024-03-20 04:38:37.696758,2024-03-20 06:25:37.696758,107,219.65,Success,7.01,1.7525
369,2024-03-16 04:38:37.696764,2024-03-16 05:09:37.696764,31,450.79,Success,9.15,2.2875
370,2024-03-27 04:38:37.696769,2024-03-27 05:18:37.696769,40,439.07,Success,6.57,1.6425
371,2024-02-28 04:38:37.696774,2024-02-28 05:11:37.696774,33,159.28,Success,9.56,2.39
372,2024-03-27 04:38:37.696779,2024-03-27 05:20:37.696779,42,434.58,Success,8.88,2.22
373,2024-04-12 04:38:37.696784,2024-04-12 05:39:37.696784,61,188.46,Success,6.05,1.5125
374,2024-02-20 04:38:37.696789,2024-02-20 06:19:37.696789,101,149.14,Success,8.42,2.105
375,2024-03-10 04:38:37.696794,2024-03-10 06:23:37.696794,105,324.89,Failed,6.6,1.65
376,2024-03-29 04:38:37.696799,2024-03-29 05:09:37.696799,31,164.86,Success,1.25,0.3125
377,2024-03-04 04:38:37.696804,2024-03-04 05:37:37.696804,59,315.47,Success,7.54,1.885
378,2024-03-09 04:38:37.696810,2024-03-09 05:15:37.696810,37,305.31,Success,1.4,0.35
379,2024-03-12 04:38:37.696819,2024-03-12 05:50:37.696819,72,282.16,Success,6.14,1.535
380,2024-04-10 04:38:37.696830,2024-04-10 06:08:37.696830,90,190.83,Success,7.18,1.795
381,2024-03-12 04:38:37.696840,2024-03-12 05:48:37.696840,70,274.7,Success,1.13,0.2825
382,2024-03-31 04:38:37.696850,2024-03-31 04:52:37.696850,14,298.65,Success,2.69,0.6725
383,2024-03-24 04:38:37.696861,2024-03-24 04:47:37.696861,9,273.3,Success,9.2,2.3
384,2024-02-26 04:38:37.696872,2024-02-26 05:56:37.696872,78,222.77,Success,6.35,1.5875
385,2024-03-25 04:38:37.696882,2024-03-25 06:19:37.696882,101,8.32,Success,2.84,0.71
386,2024-02-18 04:38:37.696893,2024-02-18 05:20:37.696893,42,293.94,Success,7.06,1.765
387,2024-04-06 04:38:37.696904,2024-04-06 04:55:37.696904,17,85.05,Success,6.17,1.5425
388,2024-04-07 04:38:37.696912,2024-04-07 05:13:37.696912,35,321.65,Success,5.26,1.315
389,2024-04-11 04:38:37.696917,2024-04-11 05:29:37.696917,51,379.91,Success,9.77,2.4425
390,2024-03-28 04:38:37.696922,2024-03-28 06:22:37.696922,104,250.72,Success,6.99,1.7475
391,2024-03-12 04:38:37.696928,2024-03-12 06:31:37.696928,113,271.64,Success,4.07,1.0175
392,2024-02-26 04:38:37.696934,2024-02-26 06:10:37.696934,92,475.79,Success,8.1,2.025
393,2024-04-02 04:38:37.696939,2024-04-02 05:34:37.696939,56,423.74,Success,8.9,2.225
394,2024-02-15 04:38:37.696944,2024-02-15 05:38:37.696944,60,457.2,Success,1.69,0.4225
395,2024-02-23 04:38:37.696949,2024-02-23 04:57:37.696949,19,407.07,Success,2.41,0.6025
396,2024-03-23 04:38:37.696954,2024-03-23 05:11:37.696954,33,55.35,Success,2.55,0.6375
397,2024-02-19 04:38:37.696959,2024-02-19 04:50:37.696959,12,75.35,Failed,7.07,1.7675
398,2024-03-23 04:38:37.696964,2024-03-23 04:47:37.696964,9,263.79,Success,6.23,1.5575
399,2024-02-28 04:38:37.696969,2024-02-28 05:11:37.696969,33,123.79,Success,6.38,1.595
400,2024-03-15 04:38:37.696974,2024-03-15 05:29:37.696974,51,238.87,Success,9.44,2.36
401,2024-03-07 04:38:37.696980,2024-03-07 05:50:37.696980,72,197.79,Success,7.87,1.9675
402,2024-03-07 04:38:37.696988,2024-03-07 05:58:37.696988,80,275.16,Success,1.72,0.43
403,2024-02-29 04:38:37.696994,2024-02-29 05:27:37.696994,49,373.69,Success,3.8,0.95
404,2024-02-23 04:38:37.697000,2024-02-23 04:44:37.697000,6,358.03,Success,4.64,1.16
405,2024-02-20 04:38:37.697005,2024-02-20 05:09:37.697005,31,261.1,Success,4.26,1.065
406,2024-04-06 04:38:37.697010,2024-04-06 06:17:37.697010,99,411.37,Failed,6.86,1.715
407,2024-03-18 04:38:37.697015,2024-03-18 06:37:37.697015,119,216.0,Success,8.97,2.2425
408,2024-03-18 04:38:37.697020,2024-03-18 06:37:37.697020,119,448.46,Success,3.41,0.8525
409,2024-03-11 04:38:37.697025,2024-03-11 05:18:37.697025,40,36.57,Success,5.74,1.435
410,2024-03-24 04:38:37.697030,2024-03-24 05:18:37.697030,40,477.38,Success,8.0,2.0
411,2024-03-15 04:38:37.697035,2024-03-15 05:08:37.697035,30,327.69,Success,4.45,1.1125
412,2024-03-12 04:38:37.697040,2024-03-12 05:25:37.697040,47,190.66,Success,2.1,0.525
413,2024-03-17 04:38:37.697045,2024-03-17 05:09:37.697045,31,99.38,Success,5.01,1.2525
414,2024-02-27 04:38:37.697050,2024-02-27 05:51:37.697050,73,240.11,Success,1.02,0.255
415,2024-03-12 04:38:37.697055,2024-03-12 05:02:37.697055,24,98.08,Success,9.45,2.3625
416,2024-04-09 04:38:37.697060,2024-04-09 04:53:37.697060,15,84.0,Success,1.21,0.3025
417,2024-02-26 04:38:37.697065,2024-02-26 05:56:37.697065,78,309.06,Success,4.67,1.1675
418,2024-03-26 04:38:37.697070,2024-03-26 06:26:37.697070,108,262.02,Success,5.53,1.3825
419,2024-04-10 04:38:37.697075,2024-04-10 05:20:37.697075,42,335.38,Success,9.86,2.465
420,2024-03-10 04:38:37.697080,2024-03-10 04:48:37.697080,10,464.87,Success,2.08,0.52
421,2024-02-25 04:38:37.697085,2024-02-25 05:54:37.697085,76,266.6,Failed,1.59,0.3975
422,2024-03-28 04:38:37.697090,2024-03-28 05:05:37.697090,27,290.89,Success,0.58,0.145
423,2024-03-01 04:38:37.697096,2024-03-01 05:29:37.697096,51,45.72,Failed,1.98,0.495
424,2024-03-17 04:38:37.697101,2024-03-17 06:12:37.697101,94,359.1,Success,2.47,0.6175
425,2024-03-15 04:38:37.697106,2024-03-15 05:28:37.697106,50,200.55,Success,6.49,1.6225
426,2024-03-16 04:38:37.697111,2024-03-16 06:29:37.697111,111,488.39,Success,2.59,0.6475
427,2024-02-28 04:38:37.697116,2024-02-28 04:54:37.697116,16,411.76,Success,0.69,0.1725
428,2024-02-21 04:38:37.697121,2024-02-21 06:12:37.697121,94,261.72,Success,8.35,2.0875
429,2024-04-08 04:38:37.697126,2024-04-08 04:55:37.697126,17,62.49,Success,3.97,0.9925
430,2024-03-10 04:38:37.697131,2024-03-10 06:26:37.697131,108,429.85,Success,3.86,0.965
431,2024-03-04 04:38:37.697136,2024-03-04 05:44:37.697136,66,400.09,Success,3.37,0.8425
432,2024-03-08 04:38:37.697141,2024-03-08 06:04:37.697141,86,93.11,Success,9.77,2.4425
433,2024-03-21 04:38:37.697146,2024-03-21 06:11:37.697146,93,148.34,Success,2.12,0.53
434,2024-03-16 04:38:37.697151,2024-03-16 06:19:37.697151,101,396.91,Success,9.03,2.2575
435,2024-02-25 04:38:37.697156,2024-02-25 06:33:37.697156,115,93.43,Success,7.88,1.97
436,2024-02-28 04:38:37.697161,2024-02-28 06:26:37.697161,108,458.96,Success,1.23,0.3075
437,2024-02-21 04:38:37.697166,2024-02-21 05:42:37.697166,64,212.84,Success,9.87,2.4675
438,2024-03-14 04:38:37.697171,2024-03-14 05:25:37.697171,47,44.43,Success,3.08,0.77
439,2024-03-10 04:38:37.697176,2024-03-10 05:58:37.697176,80,408.06,Success,1.44,0.36
440,2024-03-12 04:38:37.697181,2024-03-12 06:30:37.697181,112,187.38,Success,8.38,2.095
441,2024-02-22 04:38:37.697186,2024-02-22 06:22:37.697186,104,263.72,Success,7.21,1.8025
442,2024-03-24 04:38:37.697191,2024-03-24 06:34:37.697191,116,57.04,Success,6.36,1.59
443,2024-03-13 04:38:37.697196,2024-03-13 05:50:37.697196,72,2.29,Success,1.98,0.495
444,2024-03-22 04:38:37.697201,2024-03-22 04:47:37.697201,9,319.35,Success,5.05,1.2625
445,2024-03-12 04:38:37.697206,2024-03-12 05:19:37.697206,41,258.07,Success,7.92,1.98
446,2024-04-11 04:38:37.697211,2024-04-11 05:54:37.697211,76,297.18,Success,3.38,0.845
447,2024-03-27 04:38:37.697217,2024-03-27 06:28:37.697217,110,397.08,Success,3.46,0.865
448,2024-03-20 04:38:37.697222,2024-03-20 06:35:37.697222,117,323.66,Success,0.53,0.1325
449,2024-03-03 04:38:37.697227,2024-03-03 06:14:37.697227,96,88.21,Success,2.16,0.54
450,2024-03-14 04:38:37.697232,2024-03-14 05:13:37.697232,35,181.03,Success,8.82,2.205
451,2024-02-20 04:38:37.697238,2024-02-20 04:51:37.697238,13,453.04,Success,4.7,1.175
452,2024-02-16 04:38:37.697243,2024-02-16 05:33:37.697243,55,385.2,Success,9.85,2.4625
453,2024-04-11 04:38:37.697248,2024-04-11 05:11:37.697248,33,278.76,Success,4.26,1.065
454,2024-03-05 04:38:37.697253,2024-03-05 06:00:37.697253,82,128.57,Success,7.29,1.8225
455,2024-02-28 04:38:37.697258,2024-02-28 05:22:37.697258,44,151.73,Success,3.18,0.795
456,2024-03-21 04:38:37.697263,2024-03-21 05:23:37.697263,45,366.25,Success,3.96,0.99
457,2024-02-24 04:38:37.697268,2024-02-24 06:08:37.697268,90,425.74,Success,2.31,0.5775
458,2024-03-13 04:38:37.697276,2024-03-13 04:53:37.697276,15,336.04,Success,3.8,0.95
459,2024-02-27 04:38:37.697282,2024-02-27 05:05:37.697282,27,404.96,Success,5.7,1.425
460,2024-03-23 04:38:37.697287,2024-03-23 04:43:37.697287,5,383.56,Success,9.92,2.48
461,2024-03-22 04:38:37.697292,2024-03-22 05:28:37.697292,50,75.7,Success,6.81,1.7025
462,2024-04-12 04:38:37.697297,2024-04-12 06:23:37.697297,105,212.55,Success,2.39,0.5975
463,2024-03-18 04:38:37.697302,2024-03-18 05:03:37.697302,25,77.34,Success,0.93,0.2325
464,2024-03-03 04:38:37.697307,2024-03-03 06:12:37.697307,94,118.38,Success,1.7,0.425
465,2024-04-12 04:38:37.697312,2024-04-12 06:32:37.697312,114,434.76,Success,5.84,1.46
466,2024-03-19 04:38:37.697317,2024-03-19 05:18:37.697317,40,236.97,Success,7.77,1.9425
467,2024-03-28 04:38:37.697322,2024-03-28 05:36:37.697322,58,268.14,Success,9.43,2.3575
468,2024-03-05 04:38:37.697328,2024-03-05 06:09:37.697328,91,90.04,Success,0.65,0.1625
469,2024-03-12 04:38:37.697333,2024-03-12 05:39:37.697333,61,156.82,Success,5.47,1.3675
470,2024-04-05 04:38:37.697338,2024-04-05 04:43:37.697338,5,115.89,Success,4.97,1.2425
471,2024-03-02 04:38:37.697343,2024-03-02 05:45:37.697343,67,103.89,Success,6.73,1.6825
472,2024-02-20 04:38:37.697348,2024-02-20 05:36:37.697348,58,319.34,Success,5.82,1.455
473,2024-02-26 04:38:37.697353,2024-02-26 05:37:37.697353,59,129.19,Success,7.03,1.7575
474,2024-03-06 04:38:37.697358,2024-03-06 06:37:37.697358,119,316.38,Success,6.75,1.6875
475,2024-03-16 04:38:37.697363,2024-03-16 05:22:37.697363,44,30.17,Success,1.61,0.4025
476,2024-03-03 04:38:37.697368,2024-03-03 04:57:37.697368,19,71.75,Success,8.1,2.025
477,2024-02-19 04:38:37.697374,2024-02-19 05:03:37.697374,25,138.0,Success,1.67,0.4175
478,2024-03-19 04:38:37.697379,2024-03-19 05:29:37.697379,51,298.93,Success,7.14,1.785
479,2024-03-10 04:38:37.697384,2024-03-10 05:55:37.697384,77,338.24,Success,4.45,1.1125
480,2024-02-24 04:38:37.697389,2024-02-24 05:35:37.697389,57,221.92,Success,5.38,1.345
481,2024-03-20 04:38:37.697394,2024-03-20 04:51:37.697394,13,223.45,Success,9.08,2.27
482,2024-03-21 04:38:37.697399,2024-03-21 05:56:37.697399,78,362.53,Success,8.95,2.2375
483,2024-04-01 04:38:37.697404,2024-04-01 05:34:37.697404,56,8.89,Success,8.27,2.0675
484,2024-02-16 04:38:37.697409,2024-02-16 05:39:37.697409,61,171.2,Success,5.35,1.3375
485,2024-04-07 04:38:37.697415,2024-04-07 05:08:37.697415,30,409.53,Success,7.49,1.8725
486,2024-02-17 04:38:37.697420,2024-02-17 05:23:37.697420,45,302.01,Success,5.37,1.3425
487,2024-03-09 04:38:37.697425,2024-03-09 05:17:37.697425,39,169.28,Success,8.76,2.19
488,2024-02-29 04:38:37.697430,2024-02-29 05:45:37.697430,67,452.86,Success,4.33,1.0825
489,2024-03-25 04:38:37.697435,2024-03-25 05:07:37.697435,29,386.54,Success,9.72,2.43
490,2024-04-13 04:38:37.697440,2024-04-13 06:12:37.697440,94,133.18,Success,9.36,2.34
491,2024-04-06 04:38:37.697445,2024-04-06 05:57:37.697445,79,323.0,Success,7.55,1.8875
492,2024-02-28 04:38:37.697450,2024-02-28 05:20:37.697450,42,298.28,Success,3.15,0.7875
493,2024-03-29 04:38:37.697455,2024-03-29 04:44:37.697455,6,201.19,Success,1.75,0.4375
494,2024-03-31 04:38:37.697460,2024-03-31 04:49:37.697460,11,184.11,Success,8.62,2.155
495,2024-04-02 04:38:37.697465,2024-04-02 06:04:37.697465,86,172.44,Success,2.07,0.5175
496,2024-02-23 04:38:37.697470,2024-02-23 06:13:37.697470,95,308.96,Success,8.62,2.155
497,2024-03-22 04:38:37.697475,2024-03-22 05:16:37.697475,38,221.76,Success,5.16,1.29
498,2024-03-30 04:38:37.697480,2024-03-30 06:13:37.697480,95,416.1,Success,4.36,1.09
499,2024-03-17 04:38:37.697485,2024-03-17 04:59:37.697485,21,335.13,Success,9.08,2.27
500,2024-03-11 04:38:37.697490,2024-03-11 05:25:37.697490,47,35.9,Success,6.24,1.56
501,2024-04-12 04:38:37.697495,2024-04-12 05:41:37.697495,63,320.44,Success,5.98,1.495
502,2024-03-13 04:38:37.697502,2024-03-13 06:30:37.697502,112,136.3,Success,5.81,1.4525
503,2024-03-22 04:38:37.697514,2024-03-22 05:33:37.697514,55,296.81,Success,4.03,1.0075
504,2024-03-23 04:38:37.697525,2024-03-23 05:36:37.697525,58,340.39,Success,7.96,1.99
505,2024-02-23 04:38:37.697536,2024-02-23 05:06:37.697536,28,116.18,Success,2.9,0.725
506,2024-03-20 04:38:37.697547,2024-03-20 05:07:37.697547,29,228.97,Success,9.42,2.355
507,2024-02-16 04:38:37.697558,2024-02-16 05:53:37.697558,75,95.97,Success,8.99,2.2475
508,2024-03-23 04:38:37.697569,2024-03-23 05:34:37.697569,56,27.12,Success,3.71,0.9275
509,2024-02-16 04:38:37.697580,2024-02-16 05:52:37.697580,74,189.86,Success,7.43,1.8575
510,2024-02-16 04:38:37.697592,2024-02-16 06:10:37.697592,92,182.11,Success,5.95,1.4875
511,2024-03-23 04:38:37.697599,2024-03-23 05:15:37.697599,37,497.74,Success,3.71,0.9275
512,2024-02-25 04:38:37.697605,2024-02-25 05:31:37.697605,53,223.73,Success,9.89,2.4725
513,2024-02-22 04:38:37.697610,2024-02-22 05:11:37.697610,33,167.45,Success,0.74,0.185
514,2024-03-03 04:38:37.697615,2024-03-03 05:45:37.697615,67,290.66,Success,2.9,0.725
515,2024-04-08 04:38:37.697620,2024-04-08 06:29:37.697620,111,45.29,Success,5.44,1.36
516,2024-03-30 04:38:37.697625,2024-03-30 05:04:37.697625,26,480.87,Success,5.46,1.365
517,2024-02-20 04:38:37.697630,2024-02-20 05:08:37.697630,30,317.85,Success,6.09,1.5225
518,2024-03-02 04:38:37.697635,2024-03-02 05:10:37.697635,32,377.66,Success,7.64,1.91
519,2024-03-08 04:38:37.697640,2024-03-08 06:36:37.697640,118,86.07,Success,6.42,1.605
520,2024-03-12 04:38:37.697646,2024-03-12 06:07:37.697646,89,205.33,Success,6.2,1.55
521,2024-04-06 04:38:37.697653,2024-04-06 05:31:37.697653,53,211.92,Success,1.01,0.2525
522,2024-02-21 04:38:37.697659,2024-02-21 05:53:37.697659,75,411.08,Success,4.08,1.02
523,2024-03-01 04:38:37.697664,2024-03-01 06:03:37.697664,85,1.62,Success,2.7,0.675
524,2024-03-01 04:38:37.697669,2024-03-01 06:06:37.697669,88,151.13,Success,3.02,0.755
525,2024-04-09 04:38:37.697674,2024-04-09 06:27:37.697674,109,490.64,Success,5.77,1.4425
526,2024-03-06 04:38:37.697679,2024-03-06 05:31:37.697679,53,237.97,Success,2.4,0.6
527,2024-04-10 04:38:37.697685,2024-04-10 05:02:37.697685,24,191.88,Success,3.29,0.8225
528,2024-04-08 04:38:37.697690,2024-04-08 06:08:37.697690,90,60.79,Success,2.75,0.6875
529,2024-02-29 04:38:37.697695,2024-02-29 06:14:37.697695,96,487.11,Success,9.51,2.3775
530,2024-03-13 04:38:37.697700,2024-03-13 05:45:37.697700,67,10.99,Success,9.47,2.3675
531,2024-02-22 04:38:37.697705,2024-02-22 05:43:37.697705,65,368.85,Success,6.29,1.5725
532,2024-03-15 04:38:37.697710,2024-03-15 06:26:37.697710,108,384.53,Success,9.28,2.32
533,2024-02-27 04:38:37.697715,2024-02-27 05:31:37.697715,53,122.58,Success,7.97,1.9925
534,2024-03-10 04:38:37.697720,2024-03-10 05:53:37.697720,75,336.11,Success,6.1,1.525
535,2024-02-19 04:38:37.697725,2024-02-19 04:43:37.697725,5,47.37,Success,0.56,0.14
536,2024-03-05 04:38:37.697731,2024-03-05 06:18:37.697731,100,129.27,Failed,7.84,1.96
537,2024-02-22 04:38:37.697736,2024-02-22 04:55:37.697736,17,394.16,Success,7.17,1.7925
538,2024-03-29 04:38:37.697741,2024-03-29 06:16:37.697741,98,432.48,Success,6.34,1.585
539,2024-04-01 04:38:37.697746,2024-04-01 06:09:37.697746,91,304.63,Success,7.72,1.93
540,2024-02-24 04:38:37.697751,2024-02-24 05:33:37.697751,55,253.91,Success,5.37,1.3425
541,2024-03-03 04:38:37.697756,2024-03-03 05:38:37.697756,60,80.49,Success,7.19,1.7975
542,2024-03-15 04:38:37.697761,2024-03-15 06:05:37.697761,87,32.49,Success,9.38,2.345
543,2024-03-26 04:38:37.697766,2024-03-26 05:44:37.697766,66,59.71,Success,4.07,1.0175
544,2024-03-28 04:38:37.697771,2024-03-28 05:14:37.697771,36,114.45,Success,7.23,1.8075
545,2024-02-18 04:38:37.697776,2024-02-18 05:12:37.697776,34,171.5,Success,5.02,1.255
546,2024-03-26 04:38:37.697782,2024-03-26 05:11:37.697782,33,191.07,Success,6.91,1.7275
547,2024-03-17 04:38:37.697787,2024-03-17 05:31:37.697787,53,173.81,Success,7.75,1.9375
548,2024-02-16 04:38:37.697792,2024-02-16 05:27:37.697792,49,120.29,Success,0.93,0.2325
549,2024-02-19 04:38:37.697797,2024-02-19 06:15:37.697797,97,255.35,Success,6.64,1.66
550,2024-03-19 04:38:37.697802,2024-03-19 05:12:37.697802,34,412.82,Success,2.65,0.6625
551,2024-03-08 04:38:37.697808,2024-03-08 04:58:37.697808,20,140.57,Success,6.87,1.7175
552,2024-03-19 04:38:37.697814,2024-03-19 05:22:37.697814,44,471.25,Success,4.95,1.2375
553,2024-02-21 04:38:37.697819,2024-02-21 05:01:37.697819,23,436.79,Success,7.85,1.9625
554,2024-03-22 04:38:37.697824,2024-03-22 05:00:37.697824,22,81.72,Success,1.67,0.4175
555,2024-04-05 04:38:37.697829,2024-04-05 04:43:37.697829,5,393.35,Success,6.45,1.6125
556,2024-04-02 04:38:37.697834,2024-04-02 06:00:37.697834,82,287.72,Success,3.15,0.7875
557,2024-02-21 04:38:37.697839,2024-02-21 06:37:37.697839,119,283.72,Success,8.6,2.15
558,2024-04-13 04:38:37.697845,2024-04-13 05:29:37.697845,51,196.13,Success,9.32,2.33
559,2024-02-16 04:38:37.697850,2024-02-16 06:36:37.697850,118,251.08,Success,9.97,2.4925
560,2024-02-16 04:38:37.697855,2024-02-16 05:48:37.697855,70,199.19,Success,8.06,2.015
561,2024-04-13 04:38:37.697860,2024-04-13 06:14:37.697860,96,270.33,Success,7.66,1.915
562,2024-02-27 04:38:37.697865,2024-02-27 06:35:37.697865,117,314.35,Failed,2.55,0.6375
563,2024-03-11 04:38:37.697870,2024-03-11 06:36:37.697870,118,337.48,Success,3.69,0.9225
564,2024-03-13 04:38:37.697876,2024-03-13 06:16:37.697876,98,266.71,Success,4.92,1.23
565,2024-02-20 04:38:37.697881,2024-02-20 05:20:37.697881,42,360.99,Success,7.85,1.9625
566,2024-02-26 04:38:37.697886,2024-02-26 05:33:37.697886,55,71.5,Success,9.19,2.2975
567,2024-03-20 04:38:37.697891,2024-03-20 05:45:37.697891,67,106.78,Success,2.3,0.575
568,2024-03-05 04:38:37.697896,2024-03-05 04:46:37.697896,8,409.55,Success,9.26,2.315
569,2024-02-29 04:38:37.697901,2024-02-29 04:43:37.697901,5,161.94,Success,7.11,1.7775
570,2024-02-21 04:38:37.697908,2024-02-21 04:50:37.697908,12,12.42,Success,6.3,1.575
571,2024-04-13 04:38:37.697918,2024-04-13 05:11:37.697918,33,77.74,Success,2.4,0.6
572,2024-03-29 04:38:37.697928,2024-03-29 05:37:37.697928,59,112.58,Success,1.03,0.2575
573,2024-03-06 04:38:37.697939,2024-03-06 06:25:37.697939,107,478.7,Success,5.9,1.475
574,2024-04-09 04:38:37.697950,2024-04-09 04:45:37.697950,7,286.95,Success,6.69,1.6725
575,2024-03-23 04:38:37.697961,2024-03-23 05:14:37.697961,36,466.43,Success,2.5,0.625
576,2024-03-16 04:38:37.697972,2024-03-16 04:52:37.697972,14,288.01,Success,5.79,1.4475
577,2024-02-19 04:38:37.697983,2024-02-19 05:56:37.697983,78,240.2,Success,8.64,2.16
578,2024-04-11 04:38:37.697994,2024-04-11 06:05:37.697994,87,157.55,Success,8.43,2.1075
579,2024-04-02 04:38:37.698002,2024-04-02 06:32:37.698002,114,303.58,Success,9.31,2.3275
580,2024-03-19 04:38:37.698009,2024-03-19 05:16:37.698009,38,70.46,Success,3.98,0.995
581,2024-03-29 04:38:37.698014,2024-03-29 06:19:37.698014,101,449.23,Success,3.52,0.88
582,2024-02-23 04:38:37.698019,2024-02-23 06:09:37.698019,91,414.84,Success,7.62,1.905
583,2024-03-08 04:38:37.698024,2024-03-08 05:37:37.698024,59,159.45,Success,4.6,1.15
584,2024-03-23 04:38:37.698030,2024-03-23 06:14:37.698030,96,476.45,Success,1.33,0.3325
585,2024-02-17 04:38:37.698035,2024-02-17 05:14:37.698035,36,412.78,Success,3.19,0.7975
586,2024-03-16 04:38:37.698040,2024-03-16 05:32:37.698040,54,333.49,Success,4.48,1.12
587,2024-03-31 04:38:37.698045,2024-03-31 04:49:37.698045,11,61.76,Success,3.28,0.82
588,2024-03-17 04:38:37.698050,2024-03-17 06:15:37.698050,97,239.64,Success,3.66,0.915
589,2024-04-09 04:38:37.698055,2024-04-09 04:50:37.698055,12,253.55,Success,3.29,0.8225
590,2024-02-27 04:38:37.698060,2024-02-27 05:47:37.698060,69,117.04,Success,0.89,0.2225
591,2024-02-25 04:38:37.698065,2024-02-25 05:39:37.698065,61,40.9,Success,6.55,1.6375
592,2024-03-15 04:38:37.698070,2024-03-15 05:49:37.698070,71,388.59,Success,6.17,1.5425
593,2024-02-28 04:38:37.698076,2024-02-28 06:10:37.698076,92,61.9,Success,6.71,1.6775
594,2024-02-22 04:38:37.698086,2024-02-22 06:09:37.698086,91,297.55,Success,2.33,0.5825
595,2024-04-09 04:38:37.698092,2024-04-09 05:41:37.698092,63,468.29,Success,3.31,0.8275
596,2024-04-02 04:38:37.698098,2024-04-02 05:54:37.698098,76,438.18,Success,6.39,1.5975
597,2024-03-29 04:38:37.698103,2024-03-29 05:36:37.698103,58,139.6,Success,6.2,1.55
598,2024-03-19 04:38:37.698108,2024-03-19 06:33:37.698108,115,425.87,Success,5.31,1.3275
599,2024-03-19 04:38:37.698113,2024-03-19 06:23:37.698113,105,1.17,Success,3.83,0.9575
600,2024-02-26 04:38:37.698118,2024-02-26 05:49:37.698118,71,9.83,Success,9.17,2.2925
601,2024-03-24 04:38:37.698123,2024-03-24 05:33:37.698123,55,301.67,Success,3.73,0.9325
602,2024-03-06 04:38:37.702441,2024-03-06 06:19:37.702441,101,183.03,Success,4.83,1.2075
603,2024-03-09 04:38:37.702456,2024-03-09 06:14:37.702456,96,193.84,Success,6.94,1.735
604,2024-03-12 04:38:37.702462,2024-03-12 06:33:37.702462,115,282.66,Success,5.66,1.415
605,2024-03-15 04:38:37.702467,2024-03-15 04:50:37.702467,12,96.7,Success,3.8,0.95
606,2024-03-08 04:38:37.702473,2024-03-08 05:16:37.702473,38,106.67,Success,4.64,1.16
607,2024-03-22 04:38:37.702478,2024-03-22 05:17:37.702478,39,242.82,Success,8.05,2.0125
608,2024-02-16 04:38:37.702483,2024-02-16 06:18:37.702483,100,377.37,Success,3.14,0.785
609,2024-04-04 04:38:37.702488,2024-04-04 06:10:37.702488,92,310.13,Success,1.85,0.4625
610,2024-02-20 04:38:37.702494,2024-02-20 06:00:37.702494,82,149.38,Success,3.48,0.87
611,2024-04-09 04:38:37.702499,2024-04-09 05:14:37.702499,36,215.74,Success,8.57,2.1425
612,2024-03-09 04:38:37.702504,2024-03-09 05:28:37.702504,50,86.16,Success,1.35,0.3375
613,2024-03-11 04:38:37.702510,2024-03-11 06:29:37.702510,111,38.24,Success,9.92,2.48
614,2024-02-22 04:38:37.702516,2024-02-22 04:58:37.702516,20,391.57,Success,5.64,1.41
615,2024-03-14 04:38:37.702521,2024-03-14 05:50:37.702521,72,133.43,Success,9.86,2.465
616,2024-04-04 04:38:37.702526,2024-04-04 05:19:37.702526,41,89.71,Success,9.42,2.355
617,2024-02-16 04:38:37.702531,2024-02-16 05:36:37.702531,58,346.12,Success,4.8,1.2
618,2024-03-26 04:38:37.702536,2024-03-26 06:07:37.702536,89,309.41,Success,2.39,0.5975
619,2024-02-16 04:38:37.702541,2024-02-16 04:56:37.702541,18,316.96,Success,2.07,0.5175
620,2024-03-13 04:38:37.702546,2024-03-13 06:17:37.702546,99,115.22,Success,2.78,0.695
621,2024-04-13 04:38:37.702551,2024-04-13 05:37:37.702551,59,117.09,Success,7.25,1.8125
622,2024-02-18 04:38:37.702557,2024-02-18 05:30:37.702557,52,111.18,Success,3.09,0.7725
623,2024-04-09 04:38:37.702562,2024-04-09 06:04:37.702562,86,87.7,Success,3.74,0.935
624,2024-02-29 04:38:37.702567,2024-02-29 04:49:37.702567,11,328.21,Success,4.76,1.19
625,2024-04-10 04:38:37.702578,2024-04-10 05:56:37.702578,78,424.16,Success,9.18,2.295
626,2024-03-29 04:38:37.702589,2024-03-29 04:49:37.702589,11,362.43,Failed,2.3,0.575
627,2024-03-21 04:38:37.702600,2024-03-21 05:15:37.702600,37,396.25,Success,0.55,0.1375
628,2024-03-29 04:38:37.702612,2024-03-29 05:05:37.702612,27,202.99,Success,1.07,0.2675
629,2024-02-19 04:38:37.702618,2024-02-19 06:07:37.702618,89,327.38,Success,9.1,2.275
630,2024-04-12 04:38:37.702623,2024-04-12 05:01:37.702623,23,177.76,Success,6.65,1.6625
631,2024-02-25 04:38:37.702628,2024-02-25 06:34:37.702628,116,263.23,Success,3.09,0.7725
632,2024-03-17 04:38:37.702633,2024-03-17 05:01:37.702633,23,241.34,Success,2.18,0.545
633,2024-03-13 04:38:37.702638,2024-03-13 05:18:37.702638,40,89.27,Success,3.3,0.825
634,2024-03-18 04:38:37.702644,2024-03-18 05:11:37.702644,33,194.15,Success,1.59,0.3975
635,2024-03-25 04:38:37.702649,2024-03-25 05:42:37.702649,64,481.95,Success,9.44,2.36
636,2024-03-21 04:38:37.702654,2024-03-21 06:04:37.702654,86,125.04,Success,7.95,1.9875
637,2024-04-02 04:38:37.702660,2024-04-02 04:44:37.702660,6,67.77,Success,4.89,1.2225
638,2024-02-24 04:38:37.702666,2024-02-24 04:43:37.702666,5,209.87,Success,8.72,2.18
639,2024-03-10 04:38:37.702672,2024-03-10 05:29:37.702672,51,395.38,Success,2.87,0.7175
640,2024-03-12 04:38:37.702677,2024-03-12 05:51:37.702677,73,291.49,Failed,7.31,1.8275
641,2024-03-12 04:38:37.702682,2024-03-12 05:02:37.702682,24,340.81,Success,8.63,2.1575
642,2024-02-23 04:38:37.702688,2024-02-23 04:53:37.702688,15,95.66,Success,3.89,0.9725
643,2024-03-02 04:38:37.702693,2024-03-02 06:28:37.702693,110,309.86,Success,7.7,1.925
644,2024-03-08 04:38:37.702698,2024-03-08 04:44:37.702698,6,162.43,Success,3.3,0.825
645,2024-04-02 04:38:37.702703,2024-04-02 05:49:37.702703,71,417.32,Success,3.34,0.835
646,2024-04-11 04:38:37.702708,2024-04-11 06:09:37.702708,91,315.02,Success,1.52,0.38
647,2024-04-13 04:38:37.702714,2024-04-13 04:54:37.702714,16,100.23,Success,4.68,1.17
648,2024-03-12 04:38:37.702719,2024-03-12 05:02:37.702719,24,33.24,Success,7.43,1.8575
649,2024-03-05 04:38:37.702724,2024-03-05 04:47:37.702724,9,22.27,Success,9.43,2.3575
650,2024-04-04 04:38:37.702729,2024-04-04 05:19:37.702729,41,186.33,Success,6.24,1.56
651,2024-03-02 04:38:37.702740,2024-03-02 05:20:37.702740,42,133.66,Success,8.7,2.175
652,2024-03-01 04:38:37.702746,2024-03-01 06:16:37.702746,98,323.4,Success,8.31,2.0775
653,2024-03-16 04:38:37.702751,2024-03-16 04:51:37.702751,13,250.17,Success,2.15,0.5375
654,2024-04-01 04:38:37.702756,2024-04-01 06:20:37.702756,102,133.74,Success,5.12,1.28
655,2024-04-02 04:38:37.702761,2024-04-02 05:35:37.702761,57,75.47,Success,1.61,0.4025
656,2024-03-14 04:38:37.702766,2024-03-14 05:26:37.702766,48,64.47,Success,6.98,1.745
657,2024-02-28 04:38:37.702771,2024-02-28 06:21:37.702771,103,432.47,Success,9.52,2.38
658,2024-04-12 04:38:37.702776,2024-04-12 06:08:37.702776,90,122.5,Success,1.8,0.45
659,2024-02-23 04:38:37.702782,2024-02-23 06:30:37.702782,112,326.2,Success,7.47,1.8675
660,2024-02-24 04:38:37.702787,2024-02-24 05:06:37.702787,28,405.53,Success,6.51,1.6275
661,2024-03-10 04:38:37.702792,2024-03-10 06:03:37.702792,85,307.43,Success,6.04,1.51
662,2024-03-22 04:38:37.702797,2024-03-22 05:56:37.702797,78,429.92,Failed,4.21,1.0525
663,2024-03-28 04:38:37.702802,2024-03-28 05:12:37.702802,34,196.8,Success,3.87,0.9675
664,2024-03-19 04:38:37.702807,2024-03-19 05:41:37.702807,63,478.15,Success,0.93,0.2325
665,2024-04-06 04:38:37.702812,2024-04-06 06:32:37.702812,114,67.44,Success,2.57,0.6425
666,2024-03-16 04:38:37.702817,2024-03-16 06:09:37.702817,91,51.97,Success,0.64,0.16
667,2024-03-19 04:38:37.702823,2024-03-19 06:18:37.702823,100,329.69,Success,6.02,1.505
668,2024-04-04 04:38:37.702828,2024-04-04 06:03:37.702828,85,471.47,Success,1.51,0.3775
669,2024-03-19 04:38:37.702833,2024-03-19 06:36:37.702833,118,404.63,Success,8.79,2.1975
670,2024-03-11 04:38:37.702838,2024-03-11 06:37:37.702838,119,39.13,Success,5.47,1.3675
671,2024-02-23 04:38:37.702843,2024-02-23 06:03:37.702843,85,140.4,Success,7.15,1.7875
672,2024-03-04 04:38:37.702848,2024-03-04 04:56:37.702848,18,465.23,Success,4.4,1.1
673,2024-04-07 04:38:37.702854,2024-04-07 04:51:37.702854,13,127.28,Success,5.83,1.4575
674,2024-04-10 04:38:37.702860,2024-04-10 05:22:37.702860,44,390.8,Success,9.46,2.365
675,2024-02-16 04:38:37.702866,2024-02-16 05:48:37.702866,70,412.74,Failed,1.29,0.3225
676,2024-02-21 04:38:37.702871,2024-02-21 06:31:37.702871,113,248.23,Success,2.91,0.7275
677,2024-02-24 04:38:37.702876,2024-02-24 05:07:37.702876,29,193.79,Success,7.91,1.9775
678,2024-02-29 04:38:37.702881,2024-02-29 06:25:37.702881,107,225.61,Success,1.44,0.36
679,2024-04-03 04:38:37.702886,2024-04-03 05:55:37.702886,77,114.26,Success,1.22,0.305
680,2024-03-16 04:38:37.702892,2024-03-16 05:04:37.702892,26,444.81,Success,3.93,0.9825
681,2024-02-18 04:38:37.702897,2024-02-18 06:29:37.702897,111,225.86,Success,1.38,0.345
682,2024-03-09 04:38:37.702902,2024-03-09 06:32:37.702902,114,441.35,Success,6.06,1.515
683,2024-03-20 04:38:37.702907,2024-03-20 04:46:37.702907,8,53.74,Failed,2.65,0.6625
684,2024-03-24 04:38:37.702912,2024-03-24 05:08:37.702912,30,494.15,Success,9.01,2.2525
685,2024-02-17 04:38:37.702917,2024-02-17 05:40:37.702917,62,222.19,Success,7.94,1.985
686,2024-03-09 04:38:37.702923,2024-03-09 05:11:37.702923,33,24.87,Success,7.15,1.7875
687,2024-04-04 04:38:37.702928,2024-04-04 06:31:37.702928,113,19.97,Success,6.36,1.59
688,2024-03-08 04:38:37.702933,2024-03-08 06:20:37.702933,102,373.36,Success,8.7,2.175
689,2024-04-05 04:38:37.702938,2024-04-05 06:09:37.702938,91,329.86,Success,2.62,0.655
690,2024-03-21 04:38:37.702943,2024-03-21 05:19:37.702943,41,401.26,Success,8.79,2.1975
691,2024-03-10 04:38:37.702948,2024-03-10 05:57:37.702948,79,53.58,Success,8.0,2.0
692,2024-02-25 04:38:37.702953,2024-02-25 05:52:37.702953,74,18.75,Success,7.61,1.9025
693,2024-03-10 04:38:37.702958,2024-03-10 05:00:37.702958,22,254.78,Success,5.83,1.4575
694,2024-02-26 04:38:37.702963,2024-02-26 06:07:37.702963,89,194.41,Success,2.84,0.71
695,2024-03-09 04:38:37.702969,2024-03-09 05:24:37.702969,46,231.51,Success,4.52,1.13
696,2024-03-27 04:38:37.702974,2024-03-27 06:22:37.702974,104,495.8,Success,8.04,2.01
697,2024-02-25 04:38:37.702979,2024-02-25 05:23:37.702979,45,485.4,Failed,0.8,0.2
698,2024-03-06 04:38:37.702984,2024-03-06 05:20:37.702984,42,471.22,Failed,7.93,1.9825
699,2024-03-13 04:38:37.702989,2024-03-13 05:16:37.702989,38,392.14,Success,2.78,0.695
700,2024-03-21 04:38:37.702994,2024-03-21 04:59:37.702994,21,178.07,Success,1.87,0.4675
701,2024-03-22 04:38:37.702999,2024-03-22 05:19:37.702999,41,206.65,Success,1.6,0.4
702,2024-03-13 04:38:37.703004,2024-03-13 05:07:37.703004,29,275.26,Success,0.76,0.19
703,2024-03-08 04:38:37.703009,2024-03-08 06:24:37.703009,106,415.44,Success,5.47,1.3675
704,2024-04-02 04:38:37.703019,2024-04-02 05:58:37.703019,80,35.29,Success,2.57,0.6425
705,2024-02-25 04:38:37.703031,2024-02-25 06:09:37.703031,91,212.72,Success,9.9,2.475
706,2024-02-19 04:38:37.703041,2024-02-19 06:28:37.703041,110,42.23,Failed,5.96,1.49
707,2024-04-01 04:38:37.703052,2024-04-01 06:08:37.703052,90,257.81,Success,1.81,0.4525
708,2024-03-22 04:38:37.703063,2024-03-22 06:07:37.703063,89,449.55,Success,7.04,1.76
709,2024-03-20 04:38:37.703074,2024-03-20 05:09:37.703074,31,391.46,Success,9.03,2.2575
710,2024-03-10 04:38:37.703085,2024-03-10 05:39:37.703085,61,114.69,Success,7.58,1.895
711,2024-03-04 04:38:37.703095,2024-03-04 05:13:37.703095,35,488.02,Success,1.23,0.3075
712,2024-03-15 04:38:37.703104,2024-03-15 04:48:37.703104,10,334.01,Success,9.01,2.2525
713,2024-03-28 04:38:37.703112,2024-03-28 06:13:37.703112,95,6.2,Success,8.04,2.01
714,2024-02-25 04:38:37.703171,2024-02-25 05:22:37.703171,44,128.45,Success,2.0,0.5
715,2024-03-25 04:38:37.703189,2024-03-25 06:20:37.703189,102,131.1,Success,0.99,0.2475
716,2024-02-26 04:38:37.703201,2024-02-26 04:54:37.703201,16,35.56,Success,5.79,1.4475
717,2024-03-20 04:38:37.703212,2024-03-20 06:31:37.703212,113,479.95,Success,1.98,0.495
718,2024-03-23 04:38:37.703218,2024-03-23 05:35:37.703218,57,239.65,Success,8.43,2.1075
719,2024-04-01 04:38:37.703223,2024-04-01 05:53:37.703223,75,448.01,Success,3.9,0.975
720,2024-02-15 04:38:37.703228,2024-02-15 04:52:37.703228,14,161.79,Success,9.17,2.2925
721,2024-03-26 04:38:37.703233,2024-03-26 05:27:37.703233,49,63.49,Success,5.87,1.4675
722,2024-02-25 04:38:37.703238,2024-02-25 04:59:37.703238,21,237.69,Success,2.24,0.56
723,2024-03-09 04:38:37.703243,2024-03-09 05:08:37.703243,30,57.86,Success,1.83,0.4575
724,2024-04-02 04:38:37.703248,2024-04-02 06:07:37.703248,89,243.52,Success,5.98,1.495
725,2024-03-04 04:38:37.703254,2024-03-04 06:14:37.703254,96,460.23,Success,7.74,1.935
726,2024-03-26 04:38:37.703259,2024-03-26 05:44:37.703259,66,260.86,Success,7.92,1.98
727,2024-04-02 04:38:37.703264,2024-04-02 05:28:37.703264,50,308.63,Failed,3.12,0.78
728,2024-04-05 04:38:37.703271,2024-04-05 05:46:37.703271,68,79.16,Failed,2.44,0.61
729,2024-04-07 04:38:37.703277,2024-04-07 04:44:37.703277,6,22.82,Success,0.66,0.165
730,2024-03-17 04:38:37.703282,2024-03-17 05:36:37.703282,58,56.29,Success,6.95,1.7375
731,2024-03-31 04:38:37.703287,2024-03-31 06:29:37.703287,111,299.67,Success,1.23,0.3075
732,2024-03-14 04:38:37.703292,2024-03-14 05:47:37.703292,69,48.41,Success,4.5,1.125
733,2024-02-22 04:38:37.703297,2024-02-22 05:33:37.703297,55,188.62,Success,6.22,1.555
734,2024-03-26 04:38:37.703303,2024-03-26 05:35:37.703303,57,275.5,Success,9.4,2.35
735,2024-02-16 04:38:37.703308,2024-02-16 05:18:37.703308,40,194.94,Success,3.46,0.865
736,2024-02-27 04:38:37.703313,2024-02-27 06:37:37.703313,119,82.68,Success,2.87,0.7175
737,2024-03-29 04:38:37.703318,2024-03-29 05:08:37.703318,30,137.62,Success,6.71,1.6775
738,2024-02-21 04:38:37.703323,2024-02-21 05:11:37.703323,33,464.23,Success,6.38,1.595
739,2024-04-09 04:38:37.703328,2024-04-09 05:03:37.703328,25,338.32,Failed,3.66,0.915
740,2024-03-10 04:38:37.703333,2024-03-10 04:53:37.703333,15,248.53,Success,9.32,2.33
741,2024-04-02 04:38:37.703338,2024-04-02 05:22:37.703338,44,7.34,Success,8.53,2.1325
742,2024-03-20 04:38:37.703343,2024-03-20 04:53:37.703343,15,496.22,Success,2.63,0.6575
743,2024-02-22 04:38:37.703348,2024-02-22 05:18:37.703348,40,336.06,Success,2.77,0.6925
744,2024-02-15 04:38:37.703354,2024-02-15 06:35:37.703354,117,159.14,Success,5.37,1.3425
745,2024-03-24 04:38:37.703359,2024-03-24 05:41:37.703359,63,439.76,Success,7.85,1.9625
746,2024-03-09 04:38:37.703364,2024-03-09 05:21:37.703364,43,129.96,Failed,0.92,0.23
747,2024-02-21 04:38:37.703369,2024-02-21 06:26:37.703369,108,272.46,Success,7.09,1.7725
748,2024-03-22 04:38:37.703395,2024-03-22 06:21:37.703395,103,318.4,Success,6.66,1.665
749,2024-03-29 04:38:37.703402,2024-03-29 05:36:37.703402,58,111.31,Success,2.7,0.675
750,2024-02-17 04:38:37.703407,2024-02-17 06:20:37.703407,102,489.22,Success,6.97,1.7425
751,2024-03-06 04:38:37.703414,2024-03-06 05:37:37.703414,59,374.35,Failed,9.43,2.3575
752,2024-02-29 04:38:37.703422,2024-02-29 06:33:37.703422,115,279.35,Success,0.94,0.235
753,2024-02-21 04:38:37.703432,2024-02-21 05:06:37.703432,28,91.12,Success,3.54,0.885
754,2024-03-03 04:38:37.703443,2024-03-03 05:04:37.703443,26,27.88,Success,4.66,1.165
755,2024-02-16 04:38:37.703454,2024-02-16 05:51:37.703454,73,160.71,Success,9.04,2.26
756,2024-03-06 04:38:37.703464,2024-03-06 05:38:37.703464,60,376.84,Success,9.64,2.41
757,2024-03-31 04:38:37.703476,2024-03-31 05:15:37.703476,37,135.4,Success,4.72,1.18
758,2024-03-14 04:38:37.703490,2024-03-14 05:18:37.703490,40,270.24,Success,7.63,1.9075
759,2024-02-16 04:38:37.703502,2024-02-16 06:33:37.703502,115,364.25,Success,5.55,1.3875
760,2024-04-09 04:38:37.703513,2024-04-09 05:02:37.703513,24,54.86,Success,5.61,1.4025
761,2024-03-10 04:38:37.703522,2024-03-10 06:05:37.703522,87,342.96,Success,3.14,0.785
762,2024-03-22 04:38:37.703532,2024-03-22 06:21:37.703532,103,46.84,Success,2.56,0.64
763,2024-03-16 04:38:37.703538,2024-03-16 06:29:37.703538,111,482.6,Success,3.24,0.81
764,2024-03-02 04:38:37.703543,2024-03-02 06:03:37.703543,85,244.71,Success,5.79,1.4475
765,2024-04-03 04:38:37.703548,2024-04-03 05:44:37.703548,66,76.19,Success,0.78,0.195
766,2024-03-27 04:38:37.703554,2024-03-27 06:31:37.703554,113,171.85,Success,9.12,2.28
767,2024-02-27 04:38:37.703559,2024-02-27 06:29:37.703559,111,207.29,Success,1.98,0.495
768,2024-04-02 04:38:37.703564,2024-04-02 06:20:37.703564,102,379.33,Success,2.59,0.6475
769,2024-04-05 04:38:37.703569,2024-04-05 05:55:37.703569,77,371.97,Success,5.42,1.355
770,2024-04-04 04:38:37.703574,2024-04-04 05:08:37.703574,30,306.36,Success,7.25,1.8125
771,2024-02-16 04:38:37.703579,2024-02-16 05:48:37.703579,70,53.86,Success,1.41,0.3525
772,2024-03-01 04:38:37.703584,2024-03-01 05:55:37.703584,77,76.63,Success,3.52,0.88
773,2024-03-28 04:38:37.703589,2024-03-28 05:55:37.703589,77,47.78,Success,9.7,2.425
774,2024-03-07 04:38:37.703595,2024-03-07 05:22:37.703595,44,289.01,Success,2.99,0.7475
775,2024-04-07 04:38:37.703600,2024-04-07 04:59:37.703600,21,438.69,Success,3.47,0.8675
776,2024-02-28 04:38:37.703605,2024-02-28 04:43:37.703605,5,217.47,Success,8.45,2.1125
777,2024-04-01 04:38:37.703610,2024-04-01 06:11:37.703610,93,81.26,Success,0.98,0.245
778,2024-03-05 04:38:37.703615,2024-03-05 05:43:37.703615,65,279.46,Success,4.91,1.2275
779,2024-03-03 04:38:37.703620,2024-03-03 05:25:37.703620,47,406.06,Success,4.11,1.0275
780,2024-04-05 04:38:37.703625,2024-04-05 06:26:37.703625,108,371.11,Success,3.51,0.8775
781,2024-02-24 04:38:37.703630,2024-02-24 05:24:37.703630,46,440.84,Success,3.21,0.8025
782,2024-03-18 04:38:37.703638,2024-03-18 05:07:37.703638,29,139.67,Success,1.37,0.3425
783,2024-02-16 04:38:37.703643,2024-02-16 05:21:37.703643,43,97.78,Success,3.49,0.8725
784,2024-04-12 04:38:37.703649,2024-04-12 05:17:37.703649,39,440.03,Success,0.91,0.2275
785,2024-04-09 04:38:37.703659,2024-04-09 04:45:37.703659,7,329.12,Success,7.92,1.98
786,2024-03-16 04:38:37.703671,2024-03-16 06:36:37.703671,118,156.15,Success,4.28,1.07
787,2024-03-08 04:38:37.703682,2024-03-08 06:23:37.703682,105,371.43,Success,4.72,1.18
788,2024-03-07 04:38:37.703693,2024-03-07 06:30:37.703693,112,407.74,Success,8.99,2.2475
789,2024-03-26 04:38:37.703704,2024-03-26 05:26:37.703704,48,307.87,Success,6.75,1.6875
790,2024-04-06 04:38:37.703711,2024-04-06 05:33:37.703711,55,344.25,Success,0.58,0.145
791,2024-02-26 04:38:37.703717,2024-02-26 06:16:37.703717,98,188.25,Success,9.46,2.365
792,2024-02-29 04:38:37.703722,2024-02-29 06:24:37.703722,106,269.81,Success,2.75,0.6875
793,2024-04-13 04:38:37.703727,2024-04-13 06:20:37.703727,102,262.56,Success,1.52,0.38
794,2024-03-23 04:38:37.703732,2024-03-23 04:54:37.703732,16,424.18,Success,7.8,1.95
795,2024-02-22 04:38:37.703737,2024-02-22 05:01:37.703737,23,420.14,Success,5.25,1.3125
796,2024-03-28 04:38:37.703742,2024-03-28 06:23:37.703742,105,416.51,Success,4.62,1.155
797,2024-04-07 04:38:37.703748,2024-04-07 05:26:37.703748,48,6.5,Success,2.87,0.7175
798,2024-03-20 04:38:37.703753,2024-03-20 05:41:37.703753,63,375.02,Success,5.7,1.425
799,2024-02-29 04:38:37.703758,2024-02-29 05:31:37.703758,53,379.58,Success,3.11,0.7775
800,2024-04-10 04:38:37.703763,2024-04-10 05:43:37.703763,65,339.51,Success,9.07,2.2675
801,2024-03-09 04:38:37.703768,2024-03-09 04:59:37.703768,21,378.38,Success,2.54,0.635
802,2024-04-08 04:38:37.703774,2024-04-08 05:56:37.703774,78,421.14,Success,8.9,2.225
803,2024-03-14 04:38:37.703779,2024-03-14 05:39:37.703779,61,235.69,Success,5.81,1.4525
804,2024-03-26 04:38:37.703784,2024-03-26 05:37:37.703784,59,251.52,Success,8.37,2.0925
805,2024-03-01 04:38:37.703789,2024-03-01 06:35:37.703789,117,63.23,Success,7.27,1.8175
806,2024-02-20 04:38:37.703795,2024-02-20 05:29:37.703795,51,193.3,Success,7.12,1.78
807,2024-03-06 04:38:37.703800,2024-03-06 04:54:37.703800,16,322.04,Success,3.58,0.895
808,2024-03-18 04:38:37.703805,2024-03-18 05:44:37.703805,66,390.42,Success,2.72,0.68
809,2024-04-04 04:38:37.703810,2024-04-04 06:02:37.703810,84,109.39,Success,2.5,0.625
810,2024-03-19 04:38:37.703815,2024-03-19 06:10:37.703815,92,69.77,Success,8.64,2.16
811,2024-03-26 04:38:37.703820,2024-03-26 06:05:37.703820,87,331.86,Success,8.29,2.0725
812,2024-03-06 04:38:37.703826,2024-03-06 04:50:37.703826,12,1.94,Success,4.69,1.1725
813,2024-04-11 04:38:37.703831,2024-04-11 06:17:37.703831,99,90.01,Success,1.76,0.44
814,2024-02-29 04:38:37.703836,2024-02-29 05:03:37.703836,25,15.51,Success,4.13,1.0325
815,2024-04-01 04:38:37.703842,2024-04-01 06:03:37.703842,85,84.28,Success,6.38,1.595
816,2024-02-24 04:38:37.703847,2024-02-24 06:09:37.703847,91,91.48,Success,4.82,1.205
817,2024-03-17 04:38:37.703853,2024-03-17 06:23:37.703853,105,194.45,Success,7.91,1.9775
818,2024-02-16 04:38:37.703858,2024-02-16 06:02:37.703858,84,201.76,Failed,9.98,2.495
819,2024-03-25 04:38:37.703863,2024-03-25 05:52:37.703863,74,437.26,Success,2.32,0.58
820,2024-03-17 04:38:37.703868,2024-03-17 05:54:37.703868,76,255.54,Success,4.87,1.2175
821,2024-04-06 04:38:37.703874,2024-04-06 05:07:37.703874,29,361.98,Success,4.59,1.1475
822,2024-03-04 04:38:37.703879,2024-03-04 06:04:37.703879,86,52.96,Success,3.39,0.8475
823,2024-03-06 04:38:37.703903,2024-03-06 06:11:37.703903,93,113.49,Success,2.38,0.595
824,2024-04-13 04:38:37.703909,2024-04-13 04:54:37.703909,16,351.77,Success,1.12,0.28
825,2024-04-11 04:38:37.703914,2024-04-11 04:57:37.703914,19,27.35,Success,8.93,2.2325
826,2024-04-01 04:38:37.703919,2024-04-01 05:41:37.703919,63,243.81,Success,4.49,1.1225
827,2024-03-17 04:38:37.703924,2024-03-17 05:08:37.703924,30,300.09,Success,5.22,1.305
828,2024-02-17 04:38:37.703929,2024-02-17 06:27:37.703929,109,301.47,Success,9.21,2.3025
829,2024-02-25 04:38:37.703935,2024-02-25 06:31:37.703935,113,12.44,Success,7.87,1.9675
830,2024-03-20 04:38:37.703940,2024-03-20 05:08:37.703940,30,161.73,Success,1.74,0.435
831,2024-02-18 04:38:37.703945,2024-02-18 05:29:37.703945,51,318.61,Success,5.87,1.4675
832,2024-03-12 04:38:37.703950,2024-03-12 05:14:37.703950,36,75.35,Success,4.7,1.175
833,2024-03-07 04:38:37.703955,2024-03-07 04:52:37.703955,14,348.01,Success,8.07,2.0175
834,2024-02-21 04:38:37.703960,2024-02-21 04:58:37.703960,20,373.22,Success,7.38,1.845
835,2024-04-08 04:38:37.703966,2024-04-08 05:53:37.703966,75,491.0,Success,7.06,1.765
836,2024-02-16 04:38:37.703971,2024-02-16 04:59:37.703971,21,105.71,Success,3.74,0.935
837,2024-03-01 04:38:37.703976,2024-03-01 05:05:37.703976,27,412.74,Success,8.15,2.0375
838,2024-02-29 04:38:37.703981,2024-02-29 05:08:37.703981,30,260.63,Success,1.0,0.25
839,2024-03-13 04:38:37.703986,2024-03-13 06:07:37.703986,89,187.36,Success,2.02,0.505
840,2024-02-29 04:38:37.703992,2024-02-29 06:08:37.703992,90,62.07,Success,3.69,0.9225
841,2024-02-27 04:38:37.703997,2024-02-27 04:49:37.703997,11,368.02,Failed,1.23,0.3075
842,2024-03-24 04:38:37.704006,2024-03-24 04:56:37.704006,18,118.69,Success,2.73,0.6825
843,2024-03-29 04:38:37.704011,2024-03-29 06:01:37.704011,83,186.34,Success,8.39,2.0975
844,2024-02-20 04:38:37.704016,2024-02-20 04:49:37.704016,11,32.21,Success,9.51,2.3775
845,2024-03-24 04:38:37.704021,2024-03-24 04:51:37.704021,13,400.88,Success,3.39,0.8475
846,2024-04-03 04:38:37.704027,2024-04-03 06:37:37.704027,119,383.53,Success,3.01,0.7525
847,2024-03-08 04:38:37.704032,2024-03-08 05:30:37.704032,52,367.07,Success,3.16,0.79
848,2024-03-09 04:38:37.704037,2024-03-09 05:54:37.704037,76,150.42,Success,3.14,0.785
849,2024-03-10 04:38:37.704042,2024-03-10 06:36:37.704042,118,87.57,Success,0.84,0.21
850,2024-03-26 04:38:37.704048,2024-03-26 05:41:37.704048,63,319.14,Success,9.31,2.3275
851,2024-03-25 04:38:37.704055,2024-03-25 06:09:37.704055,91,248.59,Success,2.53,0.6325
852,2024-02-17 04:38:37.704061,2024-02-17 06:15:37.704061,97,89.95,Success,4.49,1.1225
853,2024-03-27 04:38:37.704066,2024-03-27 06:04:37.704066,86,343.27,Success,0.59,0.1475
854,2024-02-27 04:38:37.704071,2024-02-27 06:17:37.704071,99,495.57,Success,8.65,2.1625
855,2024-03-04 04:38:37.704077,2024-03-04 06:16:37.704077,98,373.86,Success,7.45,1.8625
856,2024-02-25 04:38:37.704082,2024-02-25 05:21:37.704082,43,370.25,Success,9.49,2.3725
857,2024-03-31 04:38:37.704087,2024-03-31 06:21:37.704087,103,475.21,Success,7.93,1.9825
858,2024-03-30 04:38:37.704092,2024-03-30 05:00:37.704092,22,102.27,Success,3.48,0.87
859,2024-03-14 04:38:37.704097,2024-03-14 05:41:37.704097,63,283.21,Success,2.85,0.7125
860,2024-04-13 04:38:37.704102,2024-04-13 06:28:37.704102,110,489.84,Success,7.13,1.7825
861,2024-02-21 04:38:37.704107,2024-02-21 06:25:37.704107,107,83.48,Success,3.96,0.99
862,2024-02-20 04:38:37.704117,2024-02-20 04:59:37.704117,21,350.43,Success,5.88,1.47
863,2024-02-20 04:38:37.704123,2024-02-20 04:56:37.704123,18,293.32,Success,0.56,0.14
864,2024-04-11 04:38:37.704128,2024-04-11 05:13:37.704128,35,293.65,Success,1.09,0.2725
865,2024-03-29 04:38:37.704134,2024-03-29 05:06:37.704134,28,349.14,Success,5.59,1.3975
866,2024-03-22 04:38:37.704139,2024-03-22 06:21:37.704139,103,464.88,Success,5.88,1.47
867,2024-02-17 04:38:37.704144,2024-02-17 06:30:37.704144,112,391.51,Success,7.64,1.91
868,2024-04-03 04:38:37.704149,2024-04-03 05:42:37.704149,64,29.01,Success,1.75,0.4375
869,2024-04-02 04:38:37.704154,2024-04-02 05:27:37.704154,49,426.51,Success,5.38,1.345
870,2024-04-04 04:38:37.704159,2024-04-04 06:20:37.704159,102,113.55,Success,2.35,0.5875
871,2024-03-13 04:38:37.704166,2024-03-13 04:45:37.704166,7,189.08,Success,1.39,0.3475
872,2024-03-29 04:38:37.704171,2024-03-29 05:19:37.704171,41,231.4,Success,4.4,1.1
873,2024-04-06 04:38:37.704176,2024-04-06 05:25:37.704176,47,240.97,Success,2.05,0.5125
874,2024-03-07 04:38:37.704182,2024-03-07 05:22:37.704182,44,218.16,Success,2.61,0.6525
875,2024-04-02 04:38:37.704187,2024-04-02 06:12:37.704187,94,468.74,Success,3.52,0.88
876,2024-03-21 04:38:37.704192,2024-03-21 05:37:37.704192,59,353.3,Success,2.96,0.74
877,2024-03-17 04:38:37.704197,2024-03-17 06:09:37.704197,91,315.95,Success,1.33,0.3325
878,2024-02-21 04:38:37.704202,2024-02-21 06:30:37.704202,112,25.87,Success,1.35,0.3375
879,2024-04-06 04:38:37.704207,2024-04-06 05:21:37.704207,43,452.05,Success,2.34,0.585
880,2024-02-16 04:38:37.704218,2024-02-16 04:57:37.704218,19,454.79,Success,0.98,0.245
881,2024-03-17 04:38:37.704228,2024-03-17 06:35:37.704228,117,390.33,Success,6.45,1.6125
882,2024-03-09 04:38:37.704239,2024-03-09 04:46:37.704239,8,4.51,Success,3.23,0.8075
883,2024-03-19 04:38:37.704250,2024-03-19 06:15:37.704250,97,29.58,Failed,3.16,0.79
884,2024-04-06 04:38:37.704261,2024-04-06 06:08:37.704261,90,113.39,Success,3.65,0.9125
885,2024-02-16 04:38:37.704271,2024-02-16 05:07:37.704271,29,66.54,Failed,6.8,1.7
886,2024-02-24 04:38:37.704282,2024-02-24 04:55:37.704282,17,200.02,Success,8.77,2.1925
887,2024-03-17 04:38:37.704293,2024-03-17 06:04:37.704293,86,461.39,Success,7.71,1.9275
888,2024-03-17 04:38:37.704303,2024-03-17 05:15:37.704303,37,236.56,Success,7.41,1.8525
889,2024-03-08 04:38:37.704309,2024-03-08 04:58:37.704309,20,7.69,Success,5.1,1.275
890,2024-03-04 04:38:37.704314,2024-03-04 06:31:37.704314,113,142.09,Success,7.09,1.7725
891,2024-03-09 04:38:37.704319,2024-03-09 05:24:37.704319,46,23.25,Success,5.75,1.4375
892,2024-03-18 04:38:37.704324,2024-03-18 06:30:37.704324,112,19.11,Success,2.55,0.6375
893,2024-02-20 04:38:37.704329,2024-02-20 05:48:37.704329,70,138.58,Success,2.48,0.62
894,2024-03-28 04:38:37.704334,2024-03-28 05:37:37.704334,59,138.53,Success,3.32,0.83
895,2024-04-05 04:38:37.704344,2024-04-05 06:21:37.704344,103,393.78,Success,9.15,2.2875
896,2024-03-12 04:38:37.704355,2024-03-12 05:24:37.704355,46,487.44,Success,5.7,1.425
897,2024-02-21 04:38:37.704366,2024-02-21 05:16:37.704366,38,186.23,Success,7.47,1.8675
898,2024-03-25 04:38:37.704377,2024-03-25 05:12:37.704377,34,215.01,Failed,3.79,0.9475
899,2024-04-01 04:38:37.704383,2024-04-01 04:55:37.704383,17,422.55,Success,4.37,1.0925
900,2024-03-17 04:38:37.704388,2024-03-17 04:55:37.704388,17,134.8,Success,1.69,0.4225
901,2024-02-26 04:38:37.704394,2024-02-26 05:00:37.704394,22,79.03,Success,2.13,0.5325
902,2024-03-16 04:38:37.704399,2024-03-16 05:14:37.704399,36,426.69,Success,8.36,2.09
903,2024-04-01 04:38:37.704404,2024-04-01 06:18:37.704404,100,24.2,Success,6.06,1.515
904,2024-02-28 04:38:37.704409,2024-02-28 06:21:37.704409,103,310.23,Success,3.71,0.9275
905,2024-03-10 04:38:37.704414,2024-03-10 05:21:37.704414,43,281.43,Success,8.13,2.0325
906,2024-04-08 04:38:37.704419,2024-04-08 05:28:37.704419,50,173.61,Success,2.84,0.71
907,2024-03-27 04:38:37.704424,2024-03-27 05:11:37.704424,33,158.28,Success,9.77,2.4425
908,2024-02-23 04:38:37.704429,2024-02-23 05:44:37.704429,66,386.16,Success,3.78,0.945
909,2024-04-09 04:38:37.704434,2024-04-09 06:35:37.704434,117,44.13,Success,3.7,0.925
910,2024-02-27 04:38:37.704439,2024-02-27 06:15:37.704439,97,119.16,Success,3.46,0.865
911,2024-03-20 04:38:37.704445,2024-03-20 05:44:37.704445,66,366.49,Success,1.66,0.415
912,2024-04-12 04:38:37.704450,2024-04-12 06:30:37.704450,112,274.61,Success,1.56,0.39
913,2024-04-04 04:38:37.704455,2024-04-04 05:39:37.704455,61,64.87,Success,6.66,1.665
914,2024-02-18 04:38:37.704460,2024-02-18 04:58:37.704460,20,441.19,Success,8.81,2.2025
915,2024-03-15 04:38:37.704465,2024-03-15 05:38:37.704465,60,197.33,Success,8.01,2.0025
916,2024-02-24 04:38:37.704470,2024-02-24 06:30:37.704470,112,414.11,Success,1.84,0.46
917,2024-02-15 04:38:37.704475,2024-02-15 06:33:37.704475,115,394.07,Success,5.68,1.42
918,2024-02-29 04:38:37.704480,2024-02-29 04:52:37.704480,14,312.59,Success,1.5,0.375
919,2024-04-09 04:38:37.704485,2024-04-09 05:12:37.704485,34,247.75,Failed,0.93,0.2325
920,2024-02-19 04:38:37.704491,2024-02-19 05:07:37.704491,29,489.8,Success,6.74,1.685
921,2024-02-18 04:38:37.704496,2024-02-18 06:25:37.704496,107,73.34,Success,5.58,1.395
922,2024-03-12 04:38:37.704501,2024-03-12 06:06:37.704501,88,362.85,Success,1.28,0.32
923,2024-02-20 04:38:37.704506,2024-02-20 04:47:37.704506,9,96.4,Success,0.83,0.2075
924,2024-04-13 04:38:37.704511,2024-04-13 05:47:37.704511,69,169.79,Success,9.9,2.475
925,2024-03-27 04:38:37.704518,2024-03-27 06:16:37.704518,98,155.04,Success,0.79,0.1975
926,2024-03-13 04:38:37.704529,2024-03-13 05:31:37.704529,53,473.57,Failed,4.72,1.18
927,2024-02-27 04:38:37.704540,2024-02-27 04:45:37.704540,7,483.71,Success,5.29,1.3225
928,2024-02-25 04:38:37.704550,2024-02-25 05:27:37.704550,49,92.32,Success,1.61,0.4025
929,2024-04-03 04:38:37.704561,2024-04-03 04:56:37.704561,18,12.0,Success,2.11,0.5275
930,2024-03-24 04:38:37.704572,2024-03-24 05:12:37.704572,34,360.28,Success,3.84,0.96
931,2024-03-19 04:38:37.704582,2024-03-19 06:36:37.704582,118,209.58,Success,7.74,1.935
932,2024-03-20 04:38:37.704594,2024-03-20 05:50:37.704594,72,45.33,Failed,5.32,1.33
933,2024-03-23 04:38:37.704606,2024-03-23 05:00:37.704606,22,342.19,Success,6.56,1.64
934,2024-02-15 04:38:37.704614,2024-02-15 05:44:37.704614,66,273.01,Success,9.86,2.465
935,2024-03-18 04:38:37.704619,2024-03-18 05:19:37.704619,41,490.28,Failed,7.8,1.95
936,2024-02-25 04:38:37.704625,2024-02-25 05:07:37.704625,29,114.48,Success,4.63,1.1575
937,2024-04-01 04:38:37.704630,2024-04-01 05:30:37.704630,52,202.58,Success,4.74,1.185
938,2024-03-12 04:38:37.704635,2024-03-12 05:47:37.704635,69,271.73,Success,6.38,1.595
939,2024-03-11 04:38:37.704640,2024-03-11 05:35:37.704640,57,396.06,Success,6.82,1.705
940,2024-03-04 04:38:37.704645,2024-03-04 06:32:37.704645,114,274.87,Success,5.26,1.315
941,2024-03-10 04:38:37.704650,2024-03-10 06:01:37.704650,83,306.84,Success,6.63,1.6575
942,2024-04-13 04:38:37.704655,2024-04-13 05:55:37.704655,77,113.85,Success,0.72,0.18
943,2024-03-24 04:38:37.704661,2024-03-24 04:57:37.704661,19,423.61,Success,4.58,1.145
944,2024-02-26 04:38:37.704666,2024-02-26 05:31:37.704666,53,214.89,Success,3.15,0.7875
945,2024-02-19 04:38:37.704671,2024-02-19 06:10:37.704671,92,71.34,Success,1.73,0.4325
946,2024-04-08 04:38:37.704676,2024-04-08 05:50:37.704676,72,332.43,Success,1.45,0.3625
947,2024-03-17 04:38:37.704681,2024-03-17 04:54:37.704681,16,108.83,Success,6.23,1.5575
948,2024-03-28 04:38:37.704686,2024-03-28 05:41:37.704686,63,49.68,Success,5.47,1.3675
949,2024-04-09 04:38:37.704692,2024-04-09 05:19:37.704692,41,431.13,Success,2.91,0.7275
950,2024-03-14 04:38:37.704697,2024-03-14 05:43:37.704697,65,230.62,Success,4.97,1.2425
951,2024-04-09 04:38:37.704703,2024-04-09 06:23:37.704703,105,374.89,Success,5.18,1.295
952,2024-03-07 04:38:37.704708,2024-03-07 05:25:37.704708,47,146.0,Success,2.35,0.5875
953,2024-04-11 04:38:37.704713,2024-04-11 05:52:37.704713,74,393.7,Success,6.69,1.6725
954,2024-02-21 04:38:37.704718,2024-02-21 05:21:37.704718,43,56.86,Success,7.92,1.98
955,2024-03-22 04:38:37.704724,2024-03-22 05:38:37.704724,60,178.63,Success,8.02,2.005
956,2024-03-08 04:38:37.704729,2024-03-08 05:45:37.704729,67,489.05,Success,6.22,1.555
957,2024-02-21 04:38:37.704735,2024-02-21 05:28:37.704735,50,397.2,Success,5.36,1.34
958,2024-03-08 04:38:37.704740,2024-03-08 06:10:37.704740,92,249.13,Success,1.08,0.27
959,2024-04-04 04:38:37.704747,2024-04-04 04:53:37.704747,15,170.55,Success,3.23,0.8075
960,2024-04-04 04:38:37.704758,2024-04-04 05:44:37.704758,66,436.2,Success,1.39,0.3475
961,2024-03-26 04:38:37.704770,2024-03-26 05:59:37.704770,81,272.88,Success,9.66,2.415
962,2024-03-28 04:38:37.704780,2024-03-28 06:20:37.704780,102,379.45,Success,1.78,0.445
963,2024-03-24 04:38:37.704792,2024-03-24 05:07:37.704792,29,377.3,Success,1.94,0.485
964,2024-03-31 04:38:37.704800,2024-03-31 05:53:37.704800,75,9.95,Success,8.95,2.2375
965,2024-04-05 04:38:37.704806,2024-04-05 05:34:37.704806,56,64.0,Success,9.47,2.3675
966,2024-02-28 04:38:37.704811,2024-02-28 04:46:37.704811,8,330.16,Success,7.78,1.945
967,2024-04-13 04:38:37.704816,2024-04-13 05:41:37.704816,63,81.65,Success,0.55,0.1375
968,2024-02-23 04:38:37.704821,2024-02-23 05:54:37.704821,76,128.49,Success,0.51,0.1275
969,2024-02-29 04:38:37.704826,2024-02-29 05:02:37.704826,24,473.37,Success,4.09,1.0225
970,2024-04-01 04:38:37.704831,2024-04-01 06:15:37.704831,97,280.53,Success,1.86,0.465
971,2024-04-10 04:38:37.704836,2024-04-10 05:45:37.704836,67,375.61,Success,0.67,0.1675
972,2024-04-13 04:38:37.704841,2024-04-13 05:36:37.704841,58,279.43,Success,4.91,1.2275
973,2024-02-25 04:38:37.704846,2024-02-25 06:37:37.704846,119,276.7,Success,9.46,2.365
974,2024-03-05 04:38:37.704855,2024-03-05 06:31:37.704855,113,47.98,Success,3.58,0.895
975,2024-03-13 04:38:37.704861,2024-03-13 06:32:37.704861,114,172.49,Success,6.78,1.695
976,2024-03-11 04:38:37.704866,2024-03-11 05:56:37.704866,78,141.93,Success,6.7,1.675
977,2024-03-17 04:38:37.704871,2024-03-17 06:29:37.704871,111,195.97,Success,2.89,0.7225
978,2024-03-14 04:38:37.704877,2024-03-14 06:20:37.704877,102,399.37,Success,6.68,1.67
979,2024-04-06 04:38:37.704882,2024-04-06 05:39:37.704882,61,186.59,Success,2.52,0.63
980,2024-03-06 04:38:37.704887,2024-03-06 06:12:37.704887,94,226.4,Success,1.66,0.415
981,2024-03-19 04:38:37.704892,2024-03-19 05:23:37.704892,45,199.29,Success,7.16,1.79
982,2024-02-16 04:38:37.704897,2024-02-16 06:35:37.704897,117,47.61,Success,1.58,0.395
983,2024-03-11 04:38:37.704902,2024-03-11 04:45:37.704902,7,221.1,Success,9.97,2.4925
984,2024-02-20 04:38:37.704907,2024-02-20 04:48:37.704907,10,98.61,Success,2.24,0.56
985,2024-02-20 04:38:37.704912,2024-02-20 04:47:37.704912,9,94.17,Success,6.14,1.535
986,2024-04-11 04:38:37.704917,2024-04-11 04:47:37.704917,9,47.92,Success,4.41,1.1025
987,2024-02-15 04:38:37.704922,2024-02-15 05:36:37.704922,58,178.98,Success,1.7,0.425
988,2024-02-24 04:38:37.704928,2024-02-24 05:29:37.704928,51,378.98,Success,0.76,0.19
989,2024-04-02 04:38:37.704934,2024-04-02 06:09:37.704934,91,138.94,Success,6.42,1.605
990,2024-04-13 04:38:37.704939,2024-04-13 05:31:37.704939,53,156.86,Success,8.16,2.04
991,2024-02-20 04:38:37.704944,2024-02-20 04:51:37.704944,13,321.69,Success,8.5,2.125
992,2024-03-01 04:38:37.704949,2024-03-01 06:21:37.704949,103,98.72,Success,5.09,1.2725
993,2024-04-09 04:38:37.704954,2024-04-09 05:02:37.704954,24,448.58,Success,7.89,1.9725
994,2024-03-15 04:38:37.704959,2024-03-15 06:35:37.704959,117,260.58,Success,6.89,1.7225
995,2024-03-15 04:38:37.704964,2024-03-15 05:43:37.704964,65,224.35,Success,7.38,1.845
996,2024-02-15 04:38:37.704969,2024-02-15 06:28:37.704969,110,279.35,Success,5.18,1.295
997,2024-02-17 04:38:37.704975,2024-02-17 05:17:37.704975,39,83.85,Success,6.52,1.63
998,2024-03-28 04:38:37.704980,2024-03-28 05:32:37.704980,54,307.12,Success,8.15,2.0375
999,2024-02-26 04:38:37.704985,2024-02-26 06:04:37.704985,86,182.19,Success,4.28,1.07
1000,2024-02-27 04:38:37.704990,2024-02-27 05:44:37.704990,66,448.7,Failed,8.16,2.04